 p,,,,,,,,,,,,,,,,,,,,,,,,,,,,,,,,,,,,,,,,
-0.0563368,-0.0563368,-0.05667,-0.0563624,-0.0556898,-0.0544831,-0.0528113,-0.0506631,-0.0480703,-0.045051,-0.0416326,-0.0378417,-0.0337086,-0.0292654,-0.0245461,-0.0195867,-0.0144248,-0.00909907,-0.00364936,0.00188369,0.00745895,0.013035,0.0185703,0.0240238,0.0293547,0.034523,0.0394898,0.0442172,0.0486692,0.0528114,0.0566113,0.0600386,0.0630661,0.0656664,0.0678209,0.069498,0.0707088,0.0713841,0.0716935,0.0713616,0.0713616
-0.0563368,-0.0563368,-0.05667,-0.0563624,-0.0556898,-0.0544831,-0.0528113,-0.0506631,-0.0480703,-0.045051,-0.0416326,-0.0378417,-0.0337086,-0.0292654,-0.0245461,-0.0195867,-0.0144248,-0.00909907,-0.00364936,0.00188369,0.00745895,0.013035,0.0185703,0.0240238,0.0293547,0.034523,0.0394898,0.0442172,0.0486692,0.0528114,0.0566113,0.0600386,0.0630661,0.0656664,0.0678209,0.069498,0.0707088,0.0713841,0.0716935,0.0713616,0.0713616
-0.0560067,-0.0560067,-0.056347,-0.0559617,-0.0552523,-0.0540227,-0.0523506,-0.0502132,-0.0476399,-0.0446452,-0.0412552,-0.0374956,-0.033396,-0.0289882,-0.024306,-0.019385,-0.0142625,-0.00897704,-0.00356822,0.00192355,0.00745735,0.0129919,0.0184861,0.0238988,0.0291895,0.0343186,0.0392471,0.0439378,0.0483546,0.0524634,0.0562323,0.0596314,0.0626346,0.0652155,0.0673595,0.069037,0.0702707,0.070983,0.07137,0.071031,0.071031
-0.0563048,-0.0563048,-0.0567374,-0.0563515,-0.0556468,-0.0544066,-0.0527234,-0.0505712,-0.0479814,-0.0449678,-0.0415568,-0.037774,-0.0336493,-0.0292144,-0.0245035,-0.0195523,-0.0143984,-0.00908061,-0.00363865,0.00188677,0.00745451,0.0130231,0.018551,0.023997,0.0293204,0.0344811,0.0394402,0.04416,0.0486043,0.0527387,0.0565313,0.0599518,0.0629743,0.0655721,0.0677312,0.0694201,0.0706645,0.0713721,0.0717596,0.0713284,0.0713284
-0.0569691,-0.0569691,-0.0574619,-0.0570678,-0.0563587,-0.0550993,-0.053395,-0.0512163,-0.0485965,-0.0455487,-0.0420995,-0.0382746,-0.0341043,-0.0296205,-0.0248577,-0.0198522,-0.0146418,-0.00926574,-0.0037643,0.00182153,0.00745013,0.0130796,0.018668,0.0241738,0.0295557,0.0347734,0.0397874,0.0445595,0.0490534,0.0532341,0.0570693,0.0605286,0.063586,0.0662143,0.0684004,0.0701107,0.0713745,0.0720866,0.0724823,0.0719909,0.0719909
-0.0581747,-0.0581747,-0.05872,-0.0583246,-0.0576115,-0.0563285,-0.0545915,-0.052369,-0.0496968,-0.0465878,-0.0430699,-0.0391691,-0.0349164,-0.0303445,-0.0254885,-0.0203855,-0.015074,-0.00959387,-0.00398621,0.0017073,0.00744434,0.0131823,0.0188786,0.0244909,0.0299773,0.0352966,0.0404088,0.0452748,0.0498575,0.0541213,0.0580333,0.0615621,0.0646812,0.0673627,0.0695931,0.0713365,0.0726243,0.0733406,0.0737375,0.0731936,0.0731936
-0.0598756,-0.0598756,-0.060459,-0.0600572,-0.0593317,-0.0580151,-0.0562323,-0.0539495,-0.0512049,-0.048012,-0.0443994,-0.0403942,-0.0360283,-0.0313354,-0.0263516,-0.0211148,-0.0156647,-0.0100422,-0.00428914,0.00155168,0.00743705,0.0133234,0.0191673,0.0249253,0.0305547,0.0360132,0.0412597,0.0462544,0.050959,0.055337,0.0593542,0.0629786,0.0661826,0.0689372,0.0712284,0.0730182,0.0743399,0.0750688,0.0754723,0.0748903,0.0748903
-0.0621092,-0.0621092,-0.0627272,-0.0623159,-0.0615713,-0.0602112,-0.0583683,-0.0560071,-0.0531681,-0.0498654,-0.0461292,-0.0419877,-0.0374741,-0.0326233,-0.0274729,-0.0220621,-0.0164317,-0.010624,-0.00468203,0.00135019,0.00742822,0.0135074,0.0195429,0.0254902,0.0313054,0.0369448,0.0423663,0.0475286,0.052392,0.0569187,0.0610734,0.0648224,0.0681372,0.070987,0.0733575,0.0752079,0.0765735,0.0773218,0.0777348,0.0771183,0.0771183
-0.0648802,-0.0648802,-0.0655322,-0.0651067,-0.0643351,-0.0629201,-0.0610018,-0.0585431,-0.055587,-0.0521483,-0.0482592,-0.0439491,-0.0392531,-0.0342076,-0.0288518,-0.0232266,-0.0173743,-0.0113387,-0.00516453,0.0011029,0.00741766,0.0137337,0.0200047,0.0261847,0.0322283,0.0380905,0.0437274,0.0490961,0.0541554,0.0588659,0.0631904,0.0670936,0.0705454,0.0735135,0.0759824,0.0779088,0.0793298,0.0801053,0.0805326,0.0798822,0.0798822
-0.0682134,-0.0682134,-0.0689023,-0.0684585,-0.0676526,-0.0661703,-0.0641605,-0.0615839,-0.0584862,-0.0548837,-0.0508102,-0.0462974,-0.0413821,-0.0361029,-0.0305009,-0.0246187,-0.0185009,-0.0121928,-0.00574095,0.000807564,0.00740521,0.0140041,0.0205566,0.0270149,0.0333317,0.0394605,0.0453553,0.0509715,0.056266,0.0611971,0.0657259,0.0698148,0.073432,0.0765428,0.0791307,0.0811495,0.0826382,0.0834484,0.0838941,0.0832068,0.0832068
-0.0721328,-0.0721328,-0.0728633,-0.0723967,-0.0715486,-0.0699861,-0.0678673,-0.0651508,-0.0618857,-0.0580895,-0.0537988,-0.0490472,-0.0438741,-0.0383204,-0.0324294,-0.0262463,-0.0198175,-0.0131907,-0.00641437,0.000462556,0.00739056,0.01432,0.0212012,0.0279847,0.0346211,0.0410618,0.0472589,0.0531655,0.0587361,0.0639268,0.0686961,0.073004,0.0768164,0.0800962,0.0828252,0.084954,0.0865236,0.0873763,0.0878449,0.0871161,0.0871161
-0.0766707,-0.0766707,-0.0774486,-0.0769547,-0.0760565,-0.0743997,-0.0721531,-0.0692731,-0.0658126,-0.0617909,-0.0572475,-0.0522187,-0.0467467,-0.0408752,-0.0346504,-0.0281199,-0.0213328,-0.0143389,-0.00718907,6.55E-05,0.00737346,0.0146829,0.0219423,0.0290999,0.0361043,0.0429047,0.0494506,0.0556928,0.061583,0.0670745,0.0721231,0.0766858,0.0807257,0.0842026,0.0870967,0.0893545,0.0910192,0.0919224,0.0924185,0.0916423,0.0916423
-0.0818642,-0.0818642,-0.0826964,-0.0821703,-0.0812134,-0.079447,-0.0770521,-0.0739827,-0.0702965,-0.0660147,-0.0611804,-0.0558332,-0.0500186,-0.0437835,-0.0371774,-0.0302506,-0.0230553,-0.0156438,-0.00806949,-0.000385784,0.00735353,0.0150946,0.0227835,0.0303664,0.0377895,0.0449995,0.0519433,0.0585688,0.0648248,0.0706613,0.0760308,0.0808868,0.0851892,0.088894,0.0919792,0.0943867,0.096162,0.0971245,0.0976529,0.0968224,0.0968224
-0.0877566,-0.0877566,-0.0886512,-0.0880878,-0.0870629,-0.0851699,-0.0826041,-0.0793171,-0.0753718,-0.0707923,-0.0656258,-0.0599156,-0.0537114,-0.0470637,-0.0400255,-0.0326509,-0.0249948,-0.0171128,-0.00906051,-0.000894098,0.00733041,0.0155568,0.023729,0.0317906,0.0396856,0.0473578,0.0547515,0.0618112,0.0684823,0.0747113,0.0804466,0.0856378,0.0902408,0.0942073,0.0975124,0.100092,0.101996,0.103027,0.103593,0.1027,0.1027
-0.0943982,-0.0943982,-0.0953644,-0.0947579,-0.0936548,-0.0916162,-0.0888546,-0.0853184,-0.0810773,-0.0761585,-0.0706145,-0.064493,-0.0578483,-0.0507353,-0.0432113,-0.035334,-0.0271618,-0.0187534,-0.0101673,-0.0014621,0.00730361,0.0160714,0.0247829,0.0333793,0.041802,0.049992,0.0578906,0.0654387,0.072578,0.0792506,0.0854008,0.0909731,0.0959187,0.100184,0.103741,0.106519,0.10857,0.10968,0.110289,0.109325,0.109325
-0.101846,-0.101846,-0.102895,-0.102239,-0.101046,-0.0988409,-0.095855,-0.0920343,-0.0874563,-0.0821523,-0.0761808,-0.0695949,-0.0624545,-0.0548196,-0.046752,-0.0383137,-0.0295669,-0.0205735,-0.0113951,-0.00209272,0.00727264,0.0166403,0.0259496,0.0351393,0.0441483,0.0529149,0.0613768,0.0694713,0.077136,0.0843081,0.0909266,0.0969307,0.102266,0.106872,0.110717,0.113722,0.115941,0.117142,0.117801,0.116754,0.116754
-0.110167,-0.110167,-0.111311,-0.110598,-0.109303,-0.106906,-0.103664,-0.0995185,-0.0945572,-0.0888165,-0.082362,-0.0752534,-0.0675571,-0.0593388,-0.0506656,-0.0416043,-0.0322211,-0.0225812,-0.0127492,-0.00278877,0.00723696,0.0172652,0.0272331,0.0370774,0.0467344,0.0561394,0.0652269,0.0739301,0.082182,0.0899144,0.0970604,0.103552,0.109329,0.114324,0.118498,0.121763,0.124175,0.12548,0.126197,0.125054,0.125054
-0.119436,-0.119436,-0.120691,-0.119913,-0.118499,-0.115883,-0.112347,-0.107831,-0.102434,-0.096198,-0.0891986,-0.0815027,-0.0731843,-0.0643159,-0.0549706,-0.0452201,-0.035135,-0.0247842,-0.0142348,-0.00355306,0.007196,0.0179477,0.0286374,0.0391999,0.0495694,0.0596783,0.0694576,0.0788364,0.0877426,0.0961021,0.103841,0.110884,0.117162,0.122599,0.127149,0.130711,0.133346,0.134771,0.135554,0.134301,0.134301
-0.129741,-0.129741,-0.131124,-0.13027,-0.128721,-0.125852,-0.121979,-0.117039,-0.111145,-0.104348,-0.0967337,-0.0883784,-0.0793651,-0.0697739,-0.0596846,-0.0491746,-0.0383188,-0.0271894,-0.0158565,-0.00438811,0.00714902,0.0186889,0.0301656,0.0415126,0.0526618,0.0635434,0.0740849,0.0842114,0.093845,0.102905,0.11131,0.118975,0.125822,0.131763,0.136744,0.140649,0.143541,0.145103,0.145962,0.14458,0.14458
-0.14118,-0.14118,-0.142715,-0.141774,-0.140067,-0.136906,-0.132644,-0.127217,-0.120756,-0.113322,-0.105013,-0.0959175,-0.0861285,-0.0757351,-0.0648246,-0.0534801,-0.0417809,-0.0298028,-0.0176179,-0.00529598,0.00709547,0.0194898,0.0318203,0.0440196,0.0560185,0.067745,0.0791237,0.0900751,0.100516,0.110358,0.11951,0.127879,0.135373,0.14189,0.147366,0.151667,0.154857,0.156579,0.157526,0.155992,0.155992
-0.15387,-0.15387,-0.155584,-0.154541,-0.152652,-0.149149,-0.144438,-0.138449,-0.131338,-0.123178,-0.114084,-0.104157,-0.0935027,-0.0822204,-0.0704053,-0.0581465,-0.0455281,-0.0326285,-0.0195217,-0.00627805,0.00703472,0.0203503,0.0336024,0.0467236,0.0596443,0.0722911,0.0845859,0.0964454,0.10778,0.118494,0.128487,0.137651,0.145882,0.15306,0.159109,0.16387,0.167407,0.169316,0.170366,0.168652,0.168652
-0.167945,-0.167945,-0.169874,-0.16871,-0.166607,-0.162704,-0.157466,-0.150827,-0.142967,-0.133978,-0.123994,-0.113133,-0.101514,-0.0892473,-0.0764377,-0.0631805,-0.0495637,-0.0356681,-0.0215684,-0.00733475,0.00696627,0.0212698,0.0355113,0.0496246,0.0635406,0.0771857,0.0904801,0.103336,0.11566,0.127346,0.138283,0.148349,0.157423,0.165365,0.172079,0.177378,0.181325,0.183453,0.184626,0.182696,0.182696
-0.183565,-0.183565,-0.185753,-0.184444,-0.182086,-0.177708,-0.171852,-0.164452,-0.155726,-0.145785,-0.134791,-0.122878,-0.110182,-0.0968281,-0.082928,-0.0685837,-0.0538867,-0.0389195,-0.0237562,-0.00846509,0.00688972,0.0222466,0.037544,0.0527189,0.0677044,0.0824278,0.0968086,0.110757,0.124172,0.136941,0.148941,0.160032,0.170074,0.178901,0.186394,0.192328,0.196762,0.199153,0.200473,0.198282,0.198282
-0.200917,-0.200917,-0.203424,-0.201938,-0.199272,-0.194323,-0.187732,-0.179436,-0.169701,-0.158665,-0.146518,-0.13342,-0.119524,-0.104969,-0.0898749,-0.074351,-0.0584907,-0.0423762,-0.0260798,-0.00966625,0.00680509,0.0232775,0.0396949,0.0559991,0.0721273,0.0880096,0.103567,0.118707,0.133327,0.147303,0.160499,0.172757,0.183916,0.193775,0.202189,0.208881,0.213903,0.216611,0.218113,0.215599,0.215599
-0.220226,-0.220226,-0.223129,-0.221422,-0.218379,-0.212735,-0.205259,-0.195899,-0.184981,-0.172677,-0.159214,-0.144778,-0.129544,-0.113663,-0.0972667,-0.0804678,-0.0633606,-0.0460252,-0.0285297,-0.0109329,0.00671263,0.0243579,0.0419544,0.0594513,0.0767925,0.0939136,0.110739,0.127177,0.14312,0.158439,0.172984,0.186577,0.199028,0.210101,0.21961,0.227217,0.232959,0.236059,0.237788,0.234873,0.234873
-0.241776,-0.241776,-0.24518,-0.243189,-0.23967,-0.233166,-0.224611,-0.213975,-0.201659,-0.18788,-0.172908,-0.15696,-0.140233,-0.122893,-0.105081,-0.0869096,-0.0684732,-0.0498468,-0.0310914,-0.0122571,0.00661336,0.0254814,0.0443092,0.0630562,0.081676,0.100113,0.118297,0.136141,0.153536,0.170349,0.186416,0.201537,0.215493,0.228002,0.23883,0.247557,0.254195,0.257791,0.259813,0.256389,0.256389
-0.265902,-0.265902,-0.269943,-0.267575,-0.263443,-0.255856,-0.245971,-0.233789,-0.219812,-0.204309,-0.187604,-0.169946,-0.151558,-0.132618,-0.113272,-0.093633,-0.0737898,-0.0538095,-0.0337423,-0.0136263,0.00650897,0.0266388,0.0467392,0.0667836,0.0867388,0.106561,0.126191,0.14555,0.164532,0.183,0.200781,0.217655,0.233368,0.247586,0.260017,0.270133,0.277905,0.282147,0.284561,0.280486,0.280486
-0.293087,-0.293087,-0.297948,-0.295064,-0.290113,-0.281134,-0.269579,-0.255504,-0.239534,-0.222007,-0.203305,-0.183713,-0.163478,-0.142786,-0.121786,-0.100586,-0.0792649,-0.0578762,-0.0364557,-0.0150253,0.00640262,0.0278207,0.0492228,0.0706001,0.091937,0.113206,0.134364,0.155344,0.176051,0.19635,0.216062,0.23495,0.252726,0.268996,0.283396,0.295265,0.304503,0.309616,0.312572,0.307654,0.307654
-0.323853,-0.323853,-0.329757,-0.326135,-0.320055,-0.309263,-0.295589,-0.279184,-0.260817,-0.240913,-0.219916,-0.198148,-0.175872,-0.15328,-0.130515,-0.107673,-0.084817,-0.0619832,-0.039187,-0.0164293,0.00629839,0.0290104,0.0517224,0.0744474,0.097192,0.119951,0.142702,0.165398,0.18796,0.210265,0.232138,0.25333,0.27352,0.292257,0.309086,0.323191,0.334355,0.34068,0.344418,0.338425,0.338425
-0.35925,-0.35925,-0.366464,-0.361747,-0.35404,-0.340822,-0.324402,-0.305081,-0.283799,-0.261084,-0.237435,-0.213211,-0.188679,-0.164029,-0.139385,-0.114826,-0.0903882,-0.0660835,-0.0419015,-0.0178175,0.00620334,0.0302006,0.054216,0.0782893,0.102454,0.126733,0.151131,0.175631,0.200181,0.224681,0.24897,0.272803,0.295838,0.317574,0.337447,0.354468,0.368231,0.376322,0.381235,0.373884,0.373884
-0.400057,-0.400057,-0.408734,-0.402344,-0.392243,-0.37578,-0.355811,-0.332883,-0.308101,-0.282111,-0.255456,-0.228514,-0.201545,-0.174718,-0.148127,-0.121818,-0.0957967,-0.07004,-0.0445062,-0.0191396,0.00612424,0.0313548,0.0566235,0.0820004,0.107551,0.133331,0.159382,0.185724,0.212343,0.239181,0.266108,0.292906,0.319227,0.344545,0.368184,0.388984,0.406248,0.41697,0.4237,0.414834,0.414834
-0.44946,-0.44946,-0.459535,-0.450482,-0.436646,-0.415657,-0.390919,-0.363381,-0.334276,-0.304381,-0.274247,-0.244247,-0.214604,-0.185441,-0.156807,-0.128698,-0.101074,-0.0738706,-0.0470067,-0.0203904,0.00607723,0.0324992,0.0589805,0.0856257,0.112537,0.13981,0.167531,0.195769,0.224564,0.25392,0.283764,0.313943,0.344137,0.373851,0.402291,0.428192,0.450387,0.465267,0.47494,0.464643,0.464643
-0.507704,-0.507704,-0.517922,-0.504707,-0.485213,-0.458235,-0.427435,-0.394369,-0.360268,-0.326034,-0.292155,-0.258969,-0.226617,-0.195155,-0.164559,-0.134764,-0.105673,-0.0771723,-0.0491371,-0.0214354,0.00606828,0.033512,0.0610355,0.0887798,0.116885,0.145492,0.174735,0.204743,0.235623,0.267458,0.300265,0.333999,0.368411,0.40313,0.437272,0.469639,0.498382,0.519611,0.533953,0.523622,0.523622
-0.58758,-0.58758,-0.594857,-0.574571,-0.545576,-0.509744,-0.470355,-0.429918,-0.389419,-0.34985,-0.311516,-0.274649,-0.239247,-0.205251,-0.172534,-0.140945,-0.110314,-0.0804671,-0.051227,-0.022417,0.00613946,0.0346188,0.0631987,0.0920592,0.121384,0.151362,0.182188,0.214059,0.247172,0.281723,0.317857,0.355712,0.395196,0.436217,0.477873,0.519375,0.557842,0.589825,0.612252,0.605355,0.605355
-0.679038,-0.679038,-0.674501,-0.644018,-0.601628,-0.555379,-0.506347,-0.458311,-0.41154,-0.367047,-0.324809,-0.284889,-0.247091,-0.211217,-0.17702,-0.144257,-0.112683,-0.0820662,-0.0521803,-0.022808,0.00626262,0.0352407,0.0643357,0.093761,0.123737,0.154496,0.186284,0.219369,0.254031,0.290586,0.329326,0.370611,0.414562,0.461537,0.510716,0.562316,0.612135,0.659283,0.693495,0.699888,0.699888
-0.843261,-0.843261,-0.809205,-0.758893,-0.691452,-0.627191,-0.562366,-0.502441,-0.446212,-0.394454,-0.346522,-0.302135,-0.260777,-0.222032,-0.185479,-0.150748,-0.117497,-0.0854188,-0.0542255,-0.0236496,0.00656484,0.0366669,0.0669054,0.0975342,0.128819,0.161044,0.194522,0.229607,0.266694,0.306263,0.348823,0.395079,0.445545,0.501368,0.562121,0.630014,0.699176,0.774446,0.831535,0.871128,0.871128
-0.977902,-0.977902,-0.881213,-0.811651,-0.719231,-0.642685,-0.567982,-0.502316,-0.442307,-0.388436,-0.33942,-0.294686,-0.253467,-0.215191,-0.179328,-0.145435,-0.11312,-0.0820421,-0.0518905,-0.0223805,0.00675609,0.0357784,0.064945,0.0945199,0.12478,0.156029,0.188601,0.222887,0.259337,0.298519,0.341071,0.387941,0.439924,0.498928,0.564894,0.642844,0.725095,0.828534,0.907949,1.01649,1.01649
-1.42631,-1.42631,-1.18375,-1.05137,-0.892485,-0.776068,-0.670972,-0.584407,-0.508826,-0.443211,-0.384926,-0.332646,-0.28509,-0.241355,-0.200684,-0.162476,-0.12622,-0.0914803,-0.0578715,-0.0250432,0.00733156,0.039567,0.0719754,0.104876,0.138608,0.173541,0.210095,0.248768,0.290155,0.335038,0.384368,0.439613,0.502319,0.575887,0.661819,0.770144,0.892987,1.06761,1.21467,1.48255,1.48255
-1.36732,-1.36732,-0.969976,-0.850161,-0.695842,-0.599962,-0.513852,-0.445707,-0.386778,-0.336219,-0.291561,-0.251682,-0.215498,-0.182275,-0.151406,-0.122415,-0.0949047,-0.0685395,-0.0430223,-0.0180856,0.00652049,0.0310351,0.055698,0.0807548,0.106466,0.133118,0.16104,0.190622,0.22234,0.256822,0.294846,0.337663,0.38658,0.444851,0.513747,0.605029,0.709451,0.884804,1.02232,1.4529,1.4529
-3.07732,-3.07732,-1.94447,-1.58062,-1.24223,-1.0405,-0.881538,-0.760314,-0.65932,-0.573347,-0.497724,-0.430081,-0.368625,-0.312136,-0.259649,-0.210395,-0.16372,-0.119059,-0.0759094,-0.0338037,0.00769191,0.0489958,0.0905286,0.132717,0.176013,0.220907,0.267952,0.317802,0.37125,0.429332,0.493394,0.565516,0.648404,0.747671,0.868894,1.03285,1.242,1.60309,1.97961,3.15868,3.15868
0,0,0,0,0,0,0,0,0,0,0,0,0,0,0,0,0,0,0,0,0,0,0,0,0,0,0,0,0,0,0,0,0,0,0,0,0,0,0,0,0
 u,,,,,,,,,,,,,,,,,,,,,,,,,,,,,,,,,,,,,,,,
0,0,0,0,0,0,0,0,0,0,0,0,0,0,0,0,0,0,0,0,0,0,0,0,0,0,0,0,0,0,0,0,0,0,0,0,0,0,0,0,0
0,-0.000119106,-0.000337773,-0.00066394,-0.00102135,-0.00139482,-0.00176356,-0.00212195,-0.0024645,-0.00278867,-0.00309195,-0.00337239,-0.00362814,-0.0038576,-0.00405932,-0.00423209,-0.00437486,-0.0044868,-0.00456727,-0.00461579,-0.0046321,-0.00461609,-0.00456786,-0.00448766,-0.00437596,-0.00423339,-0.00406079,-0.00385918,-0.00362978,-0.00337403,-0.00309354,-0.00279013,-0.00246579,-0.00212301,-0.00176437,-0.00139535,-0.00102164,-0.000664039,-0.000337781,-0.000119083,0
0,-0.000221739,-0.000587067,-0.00110153,-0.00166015,-0.00224204,-0.00281777,-0.00337815,-0.00391452,-0.00442242,-0.00489771,-0.00533721,-0.00573795,-0.00609742,-0.00641338,-0.00668391,-0.00690742,-0.00708262,-0.00720851,-0.00728438,-0.00730981,-0.00728465,-0.00720905,-0.0070834,-0.00690842,-0.00668509,-0.0064147,-0.00609883,-0.0057394,-0.00533862,-0.00489904,-0.0044236,-0.0039155,-0.00337888,-0.00281822,-0.00224222,-0.00166009,-0.00110134,-0.000586873,-0.000221617,0
0,-0.000281817,-0.000731792,-0.00135519,-0.00202706,-0.00272448,-0.00341382,-0.00408455,-0.0047265,-0.00533431,-0.00590301,-0.00642875,-0.00690801,-0.00733777,-0.00771539,-0.00803864,-0.00830562,-0.00851483,-0.00866512,-0.00875565,-0.00878594,-0.00875582,-0.00866545,-0.00851531,-0.00830622,-0.00803934,-0.00771616,-0.00733857,-0.00690879,-0.00642948,-0.00590364,-0.00533478,-0.00472679,-0.00408462,-0.00341366,-0.00272411,-0.00202653,-0.00135463,-0.000731365,-0.00028159,0
0,-0.00031484,-0.00081316,-0.0014997,-0.00223602,-0.00299853,-0.00375113,-0.00448293,-0.00518304,-0.0058457,-0.00646551,-0.00703828,-0.00756022,-0.00802806,-0.00843899,-0.0087906,-0.00908093,-0.00930836,-0.00947168,-0.00957003,-0.00960289,-0.0095701,-0.00947182,-0.00930855,-0.00908116,-0.00879087,-0.00843926,-0.00802831,-0.00756042,-0.0070384,-0.00646552,-0.00584556,-0.00518273,-0.00448243,-0.00375044,-0.00299769,-0.00223511,-0.00149884,-0.000812545,-0.00031453,0
0,-0.000333372,-0.000861431,-0.00158902,-0.00236749,-0.00317253,-0.00396605,-0.00473701,-0.00547406,-0.00617126,-0.00682301,-0.00742495,-0.00797315,-0.00846426,-0.0088954,-0.00926414,-0.00956846,-0.00980677,-0.00997785,-0.0100808,-0.0101152,-0.0100808,-0.00997787,-0.0098068,-0.00956849,-0.00926415,-0.00889539,-0.0084642,-0.00797301,-0.00742472,-0.00682266,-0.00617077,-0.0054734,-0.00473617,-0.00396505,-0.00317139,-0.00236632,-0.00158796,-0.000860685,-0.000333005,0
0,-0.00034716,-0.000898481,-0.00165903,-0.00247196,-0.003312,-0.00413917,-0.00494215,-0.00570916,-0.00643414,-0.00711132,-0.00773627,-0.00830499,-0.00881411,-0.00926075,-0.0096425,-0.00995739,-0.0102039,-0.0103807,-0.0104872,-0.0105227,-0.0104872,-0.0103807,-0.0102038,-0.00995735,-0.00964244,-0.00926065,-0.00881395,-0.00830475,-0.00773594,-0.00711087,-0.00643353,-0.00570838,-0.00494118,-0.00413803,-0.00331073,-0.00247066,-0.00165785,-0.000897653,-0.000346755,0
0,-0.000360799,-0.000935161,-0.00172849,-0.00257617,-0.0034517,-0.00431307,-0.00514852,-0.00594579,-0.00669864,-0.00740114,-0.00804881,-0.00863763,-0.00916425,-0.00962582,-0.01002,-0.0103449,-0.0105991,-0.0107814,-0.0108911,-0.0109277,-0.0108911,-0.0107814,-0.0105991,-0.0103449,-0.01002,-0.00962577,-0.00916416,-0.00863748,-0.00804857,-0.00740077,-0.0066981,-0.00594507,-0.00514759,-0.00431193,-0.00345039,-0.00257481,-0.00172724,-0.000934277,-0.000360366,0
0,-0.000376531,-0.000976868,-0.00180677,-0.00269335,-0.00360869,-0.00450847,-0.00538035,-0.00621147,-0.00699536,-0.00772593,-0.00839864,-0.00900946,-0.00955511,-0.0100328,-0.0104404,-0.010776,-0.0110384,-0.0112264,-0.0113395,-0.0113773,-0.0113396,-0.0112265,-0.0110384,-0.0107761,-0.0104405,-0.0100329,-0.00955521,-0.00900951,-0.00839861,-0.00772577,-0.00699503,-0.00621092,-0.00537956,-0.00450742,-0.00360741,-0.00269198,-0.00180548,-0.00097594,-0.000376072,0
0,-0.000395219,-0.00102592,-0.0018982,-0.00282986,-0.00379123,-0.00473542,-0.00564933,-0.00651938,-0.00733884,-0.00810142,-0.00880253,-0.00943816,-0.0100051,-0.0105008,-0.0109232,-0.0112707,-0.011542,-0.0117364,-0.0118532,-0.0118922,-0.0118533,-0.0117365,-0.0115422,-0.0112709,-0.0109235,-0.0105012,-0.0100055,-0.0094385,-0.00880279,-0.00810156,-0.0073388,-0.0065191,-0.00564875,-0.00473452,-0.00379004,-0.0028285,-0.00189688,-0.00102495,-0.000394731,0
0,-0.000417305,-0.00108358,-0.00200522,-0.00298925,-0.00400399,-0.00499956,-0.00596194,-0.00687673,-0.00773686,-0.00853585,-0.00926908,-0.00993261,-0.0105234,-0.0110391,-0.0114778,-0.0118381,-0.0121193,-0.0123205,-0.0124414,-0.0124818,-0.0124415,-0.0123207,-0.0121196,-0.0118386,-0.0114783,-0.0110397,-0.0105241,-0.00993329,-0.00926972,-0.00853638,-0.0077372,-0.00687679,-0.00596165,-0.00499887,-0.00400292,-0.00298792,-0.00200387,-0.00108256,-0.000416785,0
0,-0.000443108,-0.00115076,-0.00212965,-0.00317426,-0.00425058,-0.00530521,-0.00632311,-0.00728887,-0.0081951,-0.00903508,-0.0098042,-0.0104987,-0.0111157,-0.0116531,-0.0121095,-0.0124838,-0.0127754,-0.0129839,-0.0131091,-0.0131509,-0.0131092,-0.0129842,-0.0127758,-0.0124844,-0.0121102,-0.011654,-0.0111167,-0.0104998,-0.0098053,-0.00903609,-0.00819591,-0.00728938,-0.0063232,-0.00530481,-0.00424968,-0.003173,-0.00212828,-0.00114969,-0.000442551,0
0,-0.000472992,-0.00122848,-0.0022734,-0.00338772,-0.00453465,-0.00565676,-0.00673775,-0.0077611,-0.00871902,-0.00960462,-0.0104133,-0.0111416,-0.011787,-0.0123477,-0.0128228,-0.0132117,-0.0135142,-0.0137302,-0.0138598,-0.013903,-0.01386,-0.0137306,-0.0135148,-0.0132125,-0.0128239,-0.012349,-0.0117884,-0.0111432,-0.010415,-0.00960622,-0.00872044,-0.00776218,-0.00673833,-0.00565674,-0.004534,-0.00338656,-0.00227202,-0.00122735,-0.000472392,0
0,-0.000507408,-0.00131795,-0.00243873,-0.00363293,-0.00486049,-0.00605926,-0.00721149,-0.00829939,-0.00931477,-0.0102506,-0.0111024,-0.011867,-0.0125425,-0.0131277,-0.0136222,-0.0140259,-0.0143394,-0.0145628,-0.0146968,-0.0147415,-0.014697,-0.0145633,-0.01434,-0.0140269,-0.0136234,-0.0131293,-0.0125444,-0.0118692,-0.0111047,-0.0102529,-0.00931694,-0.0083012,-0.00721273,-0.00605976,-0.00486018,-0.00363193,-0.00243736,-0.00131676,-0.000506761,0
0,-0.00054693,-0.00142066,-0.00262842,-0.00391393,-0.00523328,-0.00651881,-0.00775108,-0.00891085,-0.00998952,-0.0109799,-0.0118781,-0.0126811,-0.0133879,-0.0139981,-0.014512,-0.0149304,-0.0152544,-0.015485,-0.0156231,-0.0156691,-0.0156233,-0.0154855,-0.0152552,-0.0149315,-0.0145135,-0.014,-0.0133903,-0.0126839,-0.0118812,-0.0109832,-0.00999266,-0.00891361,-0.00775319,-0.00652002,-0.00523347,-0.0039132,-0.00262712,-0.00141944,-0.000546234,0
0,-0.000592283,-0.00153853,-0.00284595,-0.00423575,-0.00565942,-0.00704287,-0.00836468,-0.00960399,-0.0107518,-0.011801,-0.0127481,-0.0135911,-0.0143296,-0.0149645,-0.0154971,-0.0159293,-0.0162629,-0.0164999,-0.0166415,-0.0166887,-0.0166417,-0.0165004,-0.0162637,-0.0159305,-0.0154988,-0.0149668,-0.0143326,-0.0135946,-0.0127522,-0.0118054,-0.0107562,-0.00960801,-0.00836797,-0.00704508,-0.00566033,-0.00423543,-0.00284479,-0.00153728,-0.00059154,0
0,-0.000644385,-0.00167393,-0.0030957,-0.00460466,-0.00614687,-0.00764066,-0.0090623,-0.0103891,-0.0116119,-0.0127236,-0.0137215,-0.0146049,-0.0153746,-0.0160329,-0.0165825,-0.0170266,-0.0173683,-0.0176103,-0.0177546,-0.0178026,-0.0177548,-0.0176107,-0.0173691,-0.0170279,-0.0165844,-0.0160356,-0.0153782,-0.0146093,-0.0137268,-0.0127294,-0.0116178,-0.0103948,-0.00906718,-0.00764424,-0.00614882,-0.00460498,-0.0030948,-0.00167272,-0.000643602,0
0,-0.000704402,-0.00182992,-0.00338319,-0.00502859,-0.00670558,-0.00832357,-0.0098562,-0.0112788,-0.0125818,-0.013759,-0.0148087,-0.0157317,-0.0165307,-0.0172097,-0.0177734,-0.0182266,-0.0185737,-0.0188187,-0.0189644,-0.0190128,-0.0189645,-0.0188189,-0.0185743,-0.0182277,-0.0177754,-0.0172127,-0.0165349,-0.0157371,-0.0148154,-0.0137666,-0.0125899,-0.0112867,-0.00986326,-0.00832908,-0.00670902,-0.00502987,-0.00338276,-0.00182881,-0.000703594,0
0,-0.000773831,-0.00201038,-0.0037155,-0.00551756,-0.00734807,-0.00910588,-0.0107615,-0.0122882,-0.0136764,-0.0149209,-0.0160218,-0.0169819,-0.0178064,-0.0185018,-0.019075,-0.0195329,-0.0198817,-0.0201268,-0.0202721,-0.0203202,-0.020272,-0.0201267,-0.0198819,-0.0195336,-0.0190767,-0.0185049,-0.0178111,-0.0169884,-0.01603,-0.0149307,-0.0136871,-0.012299,-0.0107715,-0.00911408,-0.00735367,-0.00552031,-0.00371582,-0.0020095,-0.000773026,0
0,-0.000854612,-0.00222037,-0.00410177,-0.00608448,-0.00809029,-0.0100055,-0.0117971,-0.0134359,-0.0149133,-0.0162252,-0.0173745,-0.0183669,-0.019211,-0.0199161,-0.0204922,-0.0209487,-0.021294,-0.0215353,-0.0216778,-0.0217247,-0.0216773,-0.0215346,-0.0212934,-0.0209487,-0.0204933,-0.019919,-0.0192161,-0.0183746,-0.0173847,-0.0162377,-0.0149274,-0.0134507,-0.0118112,-0.0100175,-0.00809901,-0.0060894,-0.00410327,-0.0022199,-0.000853861,0
0,-0.000949295,-0.00246651,-0.0045539,-0.00674603,-0.00895268,-0.0110451,-0.0129863,-0.014745,-0.0163136,-0.0176907,-0.0188828,-0.0198998,-0.0207542,-0.0214596,-0.0220293,-0.0224762,-0.0228112,-0.0230436,-0.02318,-0.0232246,-0.023179,-0.023042,-0.0228095,-0.0224749,-0.0220294,-0.0214618,-0.0207595,-0.0199086,-0.0188953,-0.0177066,-0.0163322,-0.014765,-0.013006,-0.0110624,-0.00896591,-0.0067542,-0.00455728,-0.00246676,-0.000948682,0
0,-0.00106129,-0.00275761,-0.00508771,-0.00752409,-0.00996171,-0.0122537,-0.0143587,-0.0162435,-0.017903,-0.0193397,-0.0205652,-0.0215948,-0.0224465,-0.023139,-0.0236901,-0.0241165,-0.0244322,-0.024649,-0.0247752,-0.024816,-0.0247735,-0.024646,-0.0244286,-0.0241132,-0.0236883,-0.0231399,-0.0224514,-0.0216044,-0.0205801,-0.0193598,-0.0179274,-0.0162705,-0.014386,-0.0122785,-0.00998146,-0.00753711,-0.00509399,-0.00275908,-0.00106095,0
0,-0.00119522,-0.00310564,-0.00572439,-0.00844771,-0.011152,-0.0136684,-0.0159513,-0.0179663,-0.0197124,-0.0211981,-0.0224422,-0.0234672,-0.0242983,-0.0249603,-0.0254767,-0.0258686,-0.0261537,-0.0263465,-0.0264573,-0.0264925,-0.0264545,-0.0263414,-0.0261473,-0.0258621,-0.0254719,-0.0249588,-0.0243019,-0.0234774,-0.0224597,-0.0212232,-0.0197442,-0.0180027,-0.0159892,-0.0137039,-0.0111812,-0.008468,-0.00573519,-0.00310909,-0.00119539,0
0,-0.00135754,-0.00352711,-0.00649293,-0.00955597,-0.0125692,-0.0153375,-0.0178113,-0.0199564,-0.021779,-0.0232963,-0.0245371,-0.0255336,-0.0263198,-0.0269284,-0.0273893,-0.027729,-0.0279694,-0.0281279,-0.028217,-0.0282443,-0.0282126,-0.0281199,-0.0279589,-0.0277179,-0.0273798,-0.0269228,-0.0263208,-0.0255434,-0.0245572,-0.0233275,-0.0218203,-0.0200054,-0.0178639,-0.0153883,-0.0126124,-0.00958721,-0.00651077,-0.00353377,-0.00135861,0
0,-0.00155753,-0.00404538,-0.00743367,-0.0109022,-0.0142745,-0.0173239,-0.0199985,-0.0222671,-0.0241474,-0.0256693,-0.0268754,-0.0278106,-0.02852,-0.0290456,-0.0294252,-0.0296909,-0.0298693,-0.029981,-0.0300406,-0.0300572,-0.0300341,-0.0299687,-0.029853,-0.0296729,-0.0294085,-0.0290336,-0.0285163,-0.0278186,-0.0268977,-0.0257073,-0.0242006,-0.0223328,-0.0200713,-0.0173964,-0.0143382,-0.01095,-0.00746253,-0.00405727,-0.00156012,0
0,-0.00180885,-0.00469429,-0.00860379,-0.0125601,-0.0163501,-0.0197099,-0.0225886,-0.0249636,-0.02687,-0.0283566,-0.0294842,-0.0303143,-0.0309055,-0.0313111,-0.0315772,-0.0317426,-0.0318384,-0.0318884,-0.0319097,-0.0319123,-0.0319001,-0.0318703,-0.0318139,-0.0317148,-0.0315501,-0.0312892,-0.030894,-0.030318,-0.0295075,-0.0284021,-0.0269381,-0.0250515,-0.0226896,-0.0198137,-0.0164444,-0.0126335,-0.00865013,-0.00471477,-0.0018141,0
0,-0.00213265,-0.00552437,-0.0100859,-0.0146331,-0.0189074,-0.0226031,-0.0256773,-0.0281246,-0.0300072,-0.0314005,-0.0323899,-0.0330573,-0.033478,-0.0337177,-0.0338317,-0.0338654,-0.0338546,-0.033826,-0.0337986,-0.0337835,-0.0337849,-0.0338,-0.0338189,-0.0338239,-0.0337895,-0.033681,-0.0334538,-0.0330528,-0.0324116,-0.0314534,-0.0300934,-0.0282416,-0.0258171,-0.0227519,-0.0190472,-0.014746,-0.0101603,-0.00555923,-0.00214258,0
0,-0.0025623,-0.00661231,-0.0120007,-0.0172663,-0.0220967,-0.0261425,-0.0293823,-0.031842,-0.0336246,-0.0348426,-0.0356134,-0.0360441,-0.036229,-0.0362472,-0.0361636,-0.0360296,-0.0358849,-0.0357587,-0.0356711,-0.035634,-0.035652,-0.0357221,-0.035834,-0.0359693,-0.0361002,-0.0361889,-0.0361852,-0.036025,-0.0356289,-0.0349013,-0.0337315,-0.0319965,-0.0295754,-0.0263563,-0.0223052,-0.0174412,-0.0121211,-0.00667171,-0.00258069,0
0,-0.00315282,-0.00807692,-0.0145242,-0.0206603,-0.026114,-0.0304986,-0.033837,-0.0362097,-0.0377789,-0.0387079,-0.0391544,-0.039255,-0.0391246,-0.0388562,-0.0385228,-0.0381809,-0.0378725,-0.037628,-0.0374679,-0.0374043,-0.0374418,-0.0375776,-0.0378015,-0.0380951,-0.0384302,-0.0387669,-0.0390511,-0.0392113,-0.0391554,-0.0387676,-0.0379076,-0.0364105,-0.0341019,-0.0308053,-0.026426,-0.0209332,-0.0147205,-0.00817914,-0.00318696,0
0,-0.00399224,-0.0100974,-0.0179048,-0.02508,-0.0311976,-0.0358576,-0.0391663,-0.041293,-0.0424841,-0.0429695,-0.0429551,-0.0426104,-0.0420708,-0.041441,-0.0408001,-0.0402068,-0.0397033,-0.0393193,-0.0390742,-0.0389793,-0.0390391,-0.0392511,-0.0396062,-0.0400872,-0.0406675,-0.0413078,-0.0419529,-0.0425268,-0.0429272,-0.0430193,-0.0426307,-0.0415475,-0.0395247,-0.0362951,-0.0316641,-0.0255078,-0.0182279,-0.0102753,-0.00405617,0
0,-0.00522225,-0.0129339,-0.0224593,-0.0308198,-0.0375638,-0.0423362,-0.0453862,-0.0470212,-0.0476008,-0.0474378,-0.0467915,-0.0458641,-0.044808,-0.0437353,-0.0427262,-0.0418374,-0.041108,-0.040564,-0.0402219,-0.0400913,-0.0401757,-0.0404735,-0.0409776,-0.041674,-0.0425402,-0.0435411,-0.0446251,-0.045717,-0.0467099,-0.0474549,-0.0477494,-0.0473268,-0.045856,-0.0429479,-0.0382536,-0.0314874,-0.0229916,-0.013246,-0.00534299,0
0,-0.00703811,-0.0169066,-0.0285071,-0.038088,-0.0452459,-0.0497883,-0.0521912,-0.0529646,-0.0526092,-0.0515324,-0.0500456,-0.0483769,-0.0466869,-0.045086,-0.0436484,-0.0424224,-0.041439,-0.040717,-0.0402678,-0.0400975,-0.0402083,-0.0405997,-0.0412677,-0.0422038,-0.0433927,-0.0448088,-0.0464101,-0.0481308,-0.0498691,-0.0514731,-0.0527195,-0.0532941,-0.0527704,-0.0506102,-0.0462387,-0.0391119,-0.0293747,-0.017451,-0.00726438,0
0,-0.00968278,-0.0222953,-0.036092,-0.0465914,-0.0535827,-0.0572432,-0.0583731,-0.0577519,-0.0560342,-0.0537189,-0.0511534,-0.0485742,-0.046133,-0.0439252,-0.0420072,-0.040411,-0.0391532,-0.0382416,-0.0376791,-0.0374669,-0.0376052,-0.0380948,-0.0389359,-0.040128,-0.0416668,-0.0435414,-0.045728,-0.048181,-0.050819,-0.0535062,-0.05602,-0.0580211,-0.0589977,-0.0582554,-0.0549235,-0.0480883,-0.0374547,-0.0232202,-0.0100967,0
0,-0.0132751,-0.0289863,-0.0444452,-0.0548572,-0.0604489,-0.0620904,-0.0609863,-0.0582306,-0.0546065,-0.0506714,-0.0467685,-0.0431097,-0.0398108,-0.0369318,-0.0344969,-0.0325114,-0.0309707,-0.0298665,-0.0291908,-0.0289376,-0.0291047,-0.0296939,-0.030711,-0.0321652,-0.0340671,-0.0364265,-0.0392465,-0.0425161,-0.0461938,-0.0501886,-0.0543162,-0.0582607,-0.0614714,-0.0631398,-0.0620617,-0.0568676,-0.0464471,-0.0304737,-0.0139907,0
0,-0.0175356,-0.0356923,-0.050546,-0.0584651,-0.060364,-0.0581998,-0.053539,-0.0477453,-0.0416229,-0.0357006,-0.0302449,-0.0253902,-0.0211795,-0.0176121,-0.014664,-0.012303,-0.0104966,-0.00921641,-0.00844063,-0.00815509,-0.00835402,-0.00904028,-0.0102255,-0.0119298,-0.0141815,-0.0170154,-0.0204696,-0.0245804,-0.0293682,-0.0348217,-0.0408481,-0.0472356,-0.0534972,-0.0588512,-0.0618383,-0.0607094,-0.0531017,-0.0378447,-0.018662,0
0,-0.0208459,-0.0386805,-0.0479243,-0.0489752,-0.0435631,-0.0350969,-0.025234,-0.015406,-0.00621756,0.00198452,0.00912026,0.0152028,0.0203063,0.0245184,0.0279276,0.0306122,0.0326376,0.0340551,0.0349018,0.0352008,0.034962,0.0341818,0.032843,0.0309144,0.0283498,0.0250869,0.0210479,0.0161391,0.0102589,0.00330347,-0.00478828,-0.014016,-0.0241205,-0.0346069,-0.0440236,-0.0506182,-0.0504203,-0.0412654,-0.0223391,0
0,-0.018368,-0.0282029,-0.0218388,-0.00927144,0.00796606,0.0252169,0.041517,0.0558487,0.0681602,0.0784957,0.0870815,0.0941423,0.0999011,0.104547,0.108237,0.111097,0.113223,0.114688,0.115542,0.115816,0.115525,0.114664,0.113211,0.111128,0.108352,0.1048,0.100356,0.0948733,0.0881659,0.0800009,0.0701231,0.0582288,0.0441647,0.0277754,0.00996642,-0.00849463,-0.0224157,-0.0299576,-0.019614,0
0,0.00166142,0.0125725,0.0475865,0.0810402,0.114034,0.141594,0.164577,0.18304,0.197866,0.209689,0.219131,0.22666,0.232653,0.237391,0.241092,0.243915,0.245981,0.247374,0.248154,0.248357,0.247999,0.247075,0.245562,0.243417,0.240568,0.236917,0.232324,0.226602,0.219494,0.21065,0.199615,0.185741,0.168327,0.146256,0.119278,0.0858947,0.0513806,0.0139532,0.00228938,0
0,0.076937,0.132139,0.207547,0.26243,0.307597,0.340919,0.366274,0.385282,0.399766,0.410869,0.419471,0.426172,0.431407,0.435482,0.438619,0.440978,0.442672,0.443783,0.444366,0.444453,0.444058,0.443178,0.441793,0.439859,0.437314,0.434063,0.429976,0.424865,0.41847,0.410415,0.400171,0.386913,0.369569,0.346212,0.315197,0.271768,0.218227,0.140759,0.0836091,0
0,0.284245,0.378028,0.483039,0.545589,0.591166,0.621309,0.642383,0.657138,0.667826,0.675723,0.68169,0.686257,0.689778,0.692488,0.694549,0.696073,0.697139,0.697803,0.698101,0.698054,0.697671,0.696947,0.695868,0.694402,0.692504,0.690104,0.687104,0.683363,0.678678,0.672735,0.665073,0.654913,0.641125,0.621508,0.593582,0.550311,0.491036,0.385779,0.294539,0
1,1,1,1,1,1,1,1,1,1,1,1,1,1,1,1,1,1,1,1,1,1,1,1,1,1,1,1,1,1,1,1,1,1,1,1,1,1,1,1,1
 v,,,,,,,,,,,,,,,,,,,,,,,,,,,,,,,,,,,,,,,,
0,0,0,0,0,0,0,0,0,0,0,0,0,0,0,0,0,0,0,0,0,0,0,0,0,0,0,0,0,0,0,0,0,0,0,0,0,0,0,0,0
0,0.000118756,0.000219965,0.00027467,0.000297851,0.000301542,0.000295528,0.000284386,0.000270378,0.00025432,0.00023657,0.000217299,0.000196652,0.000174773,0.000151818,0.000127941,0.000103303,7.81E-05,5.24E-05,2.64E-05,2.09E-07,-2.59E-05,-5.20E-05,-7.77E-05,-0.000102953,-0.000127629,-0.000151548,-0.000174551,-0.000196482,-0.000217183,-0.00023651,-0.000254313,-0.000270421,-0.000284469,-0.000295636,-0.00030165,-0.000297928,-0.000274684,-0.000219901,-0.000118654,0
0,0.0003371,0.000583062,0.000713894,0.000769554,0.000779086,0.000764508,0.000736646,0.000700954,0.000659634,0.000613717,0.000563748,0.000510165,0.000453374,0.000393789,0.000331825,0.000267894,0.000202399,0.000135739,6.83E-05,4.76E-07,-6.74E-05,-0.000134825,-0.000201532,-0.000267091,-0.000331103,-0.000393161,-0.000452851,-0.000509756,-0.00056346,-0.00061355,-0.000659584,-0.000701011,-0.000736788,-0.000764697,-0.000779265,-0.000769647,-0.00071383,-0.000582815,-0.000336787,0
0,0.000666298,0.00109971,0.00132845,0.00142529,0.00144248,0.00141633,0.00136571,0.00130013,0.00122374,0.00113859,0.0010458,0.000946275,0.000840804,0.000730177,0.000615172,0.000496554,0.000375071,0.000251455,0.000126422,6.75E-07,-0.000125084,-0.000250159,-0.000373843,-0.000495419,-0.000614154,-0.000729295,-0.000840076,-0.000945714,-0.00104542,-0.00113838,-0.0012237,-0.00130024,-0.00136594,-0.00141661,-0.00144271,-0.00142536,-0.00132823,-0.00109918,-0.000665675,0
0,0.00103617,0.0016754,0.00200833,0.00214716,0.00217081,0.00213102,0.00205501,0.00195643,0.00184146,0.00171317,0.00157335,0.00142338,0.00126451,0.00109794,0.000924844,0.000746383,0.000563674,0.000377805,0.000189842,8.28E-07,-0.000188204,-0.000376217,-0.000562167,-0.00074499,-0.00092359,-0.00109685,-0.0012636,-0.00142268,-0.00157286,-0.00171289,-0.00184138,-0.00195653,-0.00205524,-0.00213129,-0.00217099,-0.00214707,-0.00200782,-0.00167444,-0.00103512,0
0,0.0014372,0.00229827,0.00274168,0.002924,0.00295342,0.00289825,0.00279454,0.00266023,0.00250359,0.00232879,0.00213831,0.00193409,0.00171785,0.00149125,0.00125591,0.00101337,0.000765165,0.000512745,0.000257538,9.36E-07,-0.000255686,-0.000510948,-0.000763458,-0.00101179,-0.00125448,-0.00149001,-0.00171682,-0.00193329,-0.00213775,-0.00232846,-0.00250349,-0.00266033,-0.00279477,-0.0028985,-0.00295352,-0.00292372,-0.00274081,-0.0022968,-0.00143565,0
0,0.00185503,0.00294903,0.00350748,0.00373431,0.00376875,0.00369672,0.0035635,0.00339147,0.00319105,0.00296752,0.0027241,0.00246328,0.0021873,0.00189831,0.00159835,0.00128941,0.000973408,0.000652164,0.00032746,1.03E-06,-0.000325426,-0.000650187,-0.000971527,-0.00128767,-0.00159677,-0.00189693,-0.00218615,-0.00246237,-0.00272346,-0.00296714,-0.00319092,-0.00339155,-0.00356372,-0.00369693,-0.00376873,-0.00373378,-0.0035062,-0.002947,-0.00185294,0
0,0.00229004,0.00362795,0.00430644,0.00457935,0.0046184,0.00452812,0.00436349,0.00415157,0.00390502,0.00363031,0.00333141,0.00301145,0.00267321,0.00231931,0.00195229,0.00157456,0.00118842,0.000796064,0.000399611,1.12E-06,-0.000397398,-0.00079391,-0.00118637,-0.00157265,-0.00195056,-0.00231779,-0.00267193,-0.00301045,-0.0033307,-0.00362989,-0.00390488,-0.00415166,-0.00436372,-0.00452832,-0.0046183,-0.0045786,-0.00430475,-0.00362533,-0.00228738,0
0,0.00274294,0.004336,0.0051399,0.00546066,0.00550393,0.00539391,0.00519576,0.00494151,0.00464621,0.0043176,0.00396049,0.00357865,0.00317545,0.00275406,0.00231748,0.00186855,0.00140997,0.000944277,0.00047391,1.22E-06,-0.000471497,-0.000941926,-0.00140772,-0.00186645,-0.00231557,-0.00275238,-0.00317404,-0.00357754,-0.0039597,-0.00431714,-0.00464607,-0.00494164,-0.00519604,-0.00539413,-0.00550378,-0.00545972,-0.0051378,-0.00433277,-0.00273968,0
0,0.00321727,0.00507823,0.00601366,0.00638435,0.00643144,0.00629992,0.00606575,0.00576625,0.00541904,0.00503326,0.00461463,0.00416766,0.00369635,0.00320442,0.00269538,0.0021725,0.00163886,0.00109732,0.000550612,1.33E-06,-0.000547968,-0.00109474,-0.00163639,-0.00217018,-0.00269326,-0.00320256,-0.00369478,-0.00416643,-0.00461377,-0.00503278,-0.00541893,-0.00576645,-0.00606613,-0.00630024,-0.00643131,-0.00638326,-0.00601119,-0.0050744,-0.00321339,0
0,0.00371673,0.00586021,0.00693417,0.00735705,0.00740741,0.00725226,0.00697905,0.00663078,0.00622788,0.00578103,0.00529699,0.00478108,0.00423798,0.00367203,0.00308724,0.00248733,0.00187573,0.0012556,0.000629912,1.47E-06,-0.000627,-0.00125275,-0.00187299,-0.00248475,-0.00308487,-0.00366993,-0.00423622,-0.0047797,-0.00529604,-0.00578052,-0.00622781,-0.0066311,-0.00697959,-0.00725275,-0.00740738,-0.00735589,-0.00693135,-0.00585577,-0.00371222,0
0,0.0042457,0.00668859,0.00790907,0.00838665,0.00843952,0.00825811,0.00794217,0.00754088,0.00707774,0.00656517,0.0060111,0.00542176,0.00480261,0.00415863,0.00349438,0.00281399,0.00212124,0.00141953,0.000712006,1.62E-06,-0.000708788,-0.00141637,-0.00211819,-0.0028111,-0.00349171,-0.00415626,-0.00480061,-0.00542019,-0.00601003,-0.00656463,-0.00707774,-0.00754136,-0.00794295,-0.00825886,-0.00843968,-0.00838551,-0.00790597,-0.00668355,-0.00424054,0
0,0.00480891,0.00757065,0.00894678,0.00948178,0.00953602,0.00932508,0.00896194,0.00850249,0.00797365,0.00738983,0.0067603,0.00609232,0.00539223,0.00466569,0.00391782,0.00315318,0.00237583,0.00158936,0.000797012,1.79E-06,-0.000793449,-0.00158585,-0.00237242,-0.00314993,-0.00391479,-0.00466297,-0.00538991,-0.00609051,-0.00675907,-0.00738925,-0.00797374,-0.00850319,-0.00896305,-0.00932621,-0.00953651,-0.00948075,-0.00894346,-0.00756503,-0.00480307,0
0,0.00541163,0.00851455,0.0100567,0.010652,0.0107061,0.0104615,0.0100457,0.00952186,0.0089208,0.00825916,0.00754779,0.00679514,0.00600851,0.00519433,0.00435828,0.00350531,0.0026397,0.00176517,0.000884957,1.98E-06,-0.000881013,-0.00176127,-0.00263588,-0.00350162,-0.00435481,-0.00519118,-0.0060058,-0.006793,-0.00754634,-0.00825851,-0.00892099,-0.00952283,-0.0100472,-0.0104632,-0.010707,-0.0106512,-0.0100532,-0.00850837,-0.00540509,0
0,0.00605974,0.00952944,0.0112493,0.011908,0.0119597,0.0116764,0.0112012,0.0106055,0.00992434,0.00917711,0.00837643,0.00753216,0.00665265,0.00574517,0.00481597,0.00387034,0.00291273,0.00194683,0.000975745,2.18E-06,-0.000971393,-0.00194249,-0.00290843,-0.00386614,-0.00481195,-0.00574147,-0.00664942,-0.00752958,-0.00837467,-0.00917633,-0.00992461,-0.0106068,-0.0112033,-0.0116788,-0.0119614,-0.0119077,-0.0112459,-0.00952275,-0.00605247,0
0,0.00675992,0.0106257,0.0125365,0.0132617,0.0133081,0.0129797,0.0124368,0.01176,0.0109894,0.0101473,0.00924863,0.00830472,0.00732519,0.00631817,0.00529048,0.0042477,0.00319432,0.00213386,0.00106912,2.38E-06,-0.00106435,-0.00212906,-0.00318949,-0.0042429,-0.00528581,-0.00631378,-0.00732128,-0.00830153,-0.00924641,-0.0101463,-0.0109897,-0.0117617,-0.0124396,-0.012983,-0.0133107,-0.0132621,-0.0125333,-0.0106186,-0.00675192,0
0,0.00751987,0.0118154,0.013932,0.0147267,0.0147638,0.0143822,0.0137614,0.0129923,0.0121209,0.011173,0.0101661,0.00911335,0.00802578,0.00691242,0.00578061,0.00463613,0.00348334,0.00232542,0.00116462,2.57E-06,-0.00115944,-0.00232014,-0.00347793,-0.00463063,-0.00577513,-0.00690713,-0.00802096,-0.00910932,-0.0101632,-0.0111716,-0.0121211,-0.0129944,-0.013765,-0.0143866,-0.0147676,-0.0147282,-0.0139292,-0.0118079,-0.00751113,0
0,0.00834853,0.0131122,0.0154515,0.0163187,0.0163408,0.0158957,0.0151843,0.0143093,0.0133233,0.0122566,0.0111295,0.00995747,0.0087529,0.00752584,0.00628408,0.00503343,0.00377794,0.00252016,0.00126153,2.73E-06,-0.001256,-0.00251442,-0.00377192,-0.00502713,-0.00627761,-0.00751942,-0.00874687,-0.00995226,-0.0111256,-0.0122545,-0.0133234,-0.0143117,-0.0151888,-0.0159016,-0.0163464,-0.0163216,-0.0154495,-0.0131047,-0.00833909,0
0,0.00925647,0.0145328,0.0171134,0.0180555,0.0180552,0.0175335,0.0167155,0.0157176,0.0146005,0.0133995,0.0121383,0.010835,0.00950351,0.0081549,0.00679729,0.0054363,0.00407536,0.00271611,0.00135882,2.82E-06,-0.00135306,-0.00270999,-0.00406872,-0.00542909,-0.00678961,-0.00814702,-0.00949585,-0.0108281,-0.012133,-0.0133963,-0.0146001,-0.0157204,-0.0167211,-0.0175412,-0.018063,-0.0180606,-0.0171127,-0.0145254,-0.0092464,0
0,0.0102563,0.0160966,0.0189397,0.0199584,0.0199252,0.01931,0.0183654,0.0172239,0.0159554,0.0146015,0.01319,0.0117417,0.0102725,0.00879416,0.00731494,0.00583998,0.00437176,0.00291057,0.00145506,2.78E-06,-0.00144929,-0.00290421,-0.00436453,-0.00583176,-0.00730579,-0.0087844,-0.0102627,-0.0117326,-0.0131825,-0.0145966,-0.0159541,-0.0172267,-0.0183723,-0.01932,-0.019936,-0.0199664,-0.0189411,-0.0160898,-0.0102458,0
0,0.0113635,0.0178273,0.0209566,0.0220522,0.0219719,0.0212413,0.0201446,0.0188335,0.0173891,0.0158602,0.0142796,0.0126711,0.0110523,0.00943578,0.00782961,0.00623799,0.00466193,0.00309988,0.00154834,2.56E-06,-0.00154291,-0.00309354,-0.00465423,-0.00622867,-0.00781869,-0.00942361,-0.0110395,-0.0126587,-0.014269,-0.0158528,-0.0173861,-0.018836,-0.0201528,-0.021254,-0.0219865,-0.0220641,-0.0209611,-0.0178219,-0.0113527,0
0,0.0125967,0.0197541,0.023196,0.0243664,0.0242196,0.0233448,0.0220639,0.0205508,0.0189004,0.0171703,0.0153986,0.0136127,0.0118318,0.0100689,0.00833129,0.00662169,0.00493904,0.0032793,0.0016362,2.03E-06,-0.00163167,-0.00327342,-0.0049311,-0.00661124,-0.00831826,-0.0100537,-0.0118152,-0.013596,-0.0153835,-0.0171589,-0.0188947,-0.0205523,-0.0220732,-0.0233609,-0.0242392,-0.0243839,-0.023205,-0.0197512,-0.0125862,0
0,0.0139799,0.0219134,0.0256971,0.0269367,0.0266963,0.0256397,0.024133,0.0223775,0.0204845,0.0185219,0.0165341,0.0145519,0.012596,0.010679,0.00880681,0.00697991,0.00519435,0.0034428,0.00171549,1.06E-06,-0.00171269,-0.00343804,-0.00518656,-0.00696838,-0.00879129,-0.0106598,-0.0125742,-0.0145291,-0.0165127,-0.0185046,-0.0204743,-0.0223767,-0.024143,-0.0256597,-0.0267225,-0.0269619,-0.0257128,-0.0219145,-0.0139702,0
0,0.015543,0.0243512,0.0285086,0.029806,0.0294345,0.0281459,0.0263601,0.0243115,0.0221314,0.0198994,0.017667,0.0154682,0.0133244,0.0112469,0.00923919,0.00729845,0.00541684,0.00358284,0.00178232,-5.59E-07,-0.00178248,-0.00358023,-0.0054099,-0.00728606,-0.00922083,-0.0112228,-0.0132958,-0.0154372,-0.0176366,-0.0198734,-0.022114,-0.0243066,-0.02637,-0.0281703,-0.029469,-0.0298418,-0.0285343,-0.0243587,-0.0155355,0
0,0.0173257,0.0271269,0.0316925,0.0330272,0.0324714,0.0308839,0.0287501,0.0263449,0.0238235,0.0212792,0.0187706,0.016334,0.0139902,0.0117481,0.0096071,0.00755974,0.00559305,0.00369026,0.00183193,-3.10E-06,-0.00183681,-0.00369129,-0.005588,-0.00754693,-0.00958561,-0.0117179,-0.0139527,-0.0162917,-0.0187274,-0.0212405,-0.023795,-0.0263326,-0.0287581,-0.030913,-0.0325168,-0.0330776,-0.0317326,-0.0271447,-0.0173221,0
0,0.0193797,0.0303178,0.0353267,0.0366634,0.0358486,0.0338721,0.031301,0.02846,0.0255323,0.0226265,0.0198073,0.0171119,0.0145587,0.0121515,0.00988401,0.00774223,0.00570667,0.00375406,0.00185863,-6.92E-06,-0.00187068,-0.00376086,-0.00570511,-0.00772985,-0.00985924,-0.012114,-0.0145097,-0.0170545,-0.0197464,-0.0225691,-0.0254868,-0.028435,-0.0313037,-0.0339053,-0.0359075,-0.0367339,-0.035388,-0.0303518,-0.0193831,0
0,0.0217776,0.0340292,0.0395139,0.0407938,0.0396129,0.0371257,0.0340016,0.0306261,0.0272153,0.0238927,0.0207274,0.0177545,0.0149864,0.0124192,0.0100382,0.0078206,0.00573873,0.00376154,0.00185589,-1.25E-05,-0.00187849,-0.00377711,-0.00574304,-0.00781008,-0.0100104,-0.0123731,-0.0149229,-0.017677,-0.020642,-0.0238086,-0.027144,-0.0305805,-0.0339933,-0.0371611,-0.0396884,-0.0408921,-0.0396066,-0.0340887,-0.021793,0
0,0.0246164,0.038398,0.0443813,0.0455077,0.0438073,0.0406446,0.0368188,0.0327886,0.0288059,0.0250075,0.0214624,0.0181986,0.0152178,0.0125042,0.010031,0.00776459,0.00566694,0.00369791,0.0018161,-2.04E-05,-0.00185379,-0.00372638,-0.00568051,-0.00775827,-0.010001,-0.0124483,-0.0151363,-0.0180949,-0.0213436,-0.0248851,-0.0286958,-0.0327094,-0.0367892,-0.0406772,-0.0439017,-0.0456436,-0.0445202,-0.0384975,-0.0246524,0
0,0.0280479,0.043626,0.050107,0.0509211,0.0484792,0.0444172,0.0396993,0.0348691,0.0302152,0.0258812,0.0219285,0.0183697,0.0151892,0.0123537,0.00982051,0.0075419,0.00546783,0.00354776,0.00173134,-3.14E-05,-0.00179017,-0.00359479,-0.00549555,-0.00754347,-0.00979022,-0.0122876,-0.0150862,-0.0182325,-0.0217648,-0.0257051,-0.0300476,-0.0347367,-0.0396312,-0.0444367,-0.0485932,-0.0511079,-0.0503149,-0.0437897,-0.0281194,0
0,0.032267,0.0499558,0.0568816,0.0571263,0.0536253,0.0483667,0.0425212,0.0367252,0.0312984,0.0263783,0.0220054,0.0181655,0.0148162,0.0119001,0.00935401,0.00711299,0.0051132,0.00329284,0.0015923,-4.63E-05,-0.00168,-0.00336577,-0.00516171,-0.0071279,-0.00932707,-0.0118248,-0.0146887,-0.0179868,-0.0217827,-0.0261277,-0.0310465,-0.036509,-0.0423849,-0.0483512,-0.0537528,-0.0573776,-0.0571901,-0.0502205,-0.032399,0
0,0.0376345,0.0577955,0.0650108,0.064269,0.0592519,0.052401,0.0451393,0.0381934,0.0318962,0.0263563,0.0215729,0.0174885,0.0140224,0.0110852,0.00858826,0.00644669,0.00458156,0.00291948,0.00139188,-6.64E-05,-0.00151867,-0.00302829,-0.00466033,-0.00648339,-0.00857126,-0.0110042,-0.0138695,-0.0172609,-0.0212753,-0.0260052,-0.0315232,-0.0378482,-0.0448874,-0.0523113,-0.0593754,-0.0646,-0.0654686,-0.0582251,-0.0378751,0
0,0.0445029,0.0674574,0.0746167,0.0722424,0.0650899,0.0561636,0.0471757,0.0389157,0.0316935,0.0255509,0.0204166,0.0161695,0.0126769,0.00980983,0.00744953,0.00548975,0.00383614,0.00240452,0.00111865,-9.23E-05,-0.00129627,-0.00256111,-0.00395711,-0.00555986,-0.00745306,-0.00973126,-0.0125024,-0.0158893,-0.0200297,-0.02507,-0.0311529,-0.0383774,-0.0467323,-0.0559258,-0.0651595,-0.0726494,-0.0752776,-0.0681408,-0.0449292,0
0,0.0537762,0.0797312,0.0861452,0.081135,0.0710006,0.0594073,0.0483625,0.038653,0.0305001,0.0238238,0.0184445,0.0141529,0.0107512,0.00806317,0.00593802,0.00424772,0.00288386,0.00175341,0.000774767,-0.000126067,-0.00101917,-0.00197423,-0.00306418,-0.00436896,-0.0059797,-0.00800322,-0.0105672,-0.0138248,-0.0179598,-0.0231853,-0.0297379,-0.0378377,-0.0476177,-0.0589023,-0.0709228,-0.0815925,-0.0870855,-0.0808211,-0.0545396,0
0,0.0655151,0.0940697,0.0985471,0.0895709,0.0755448,0.0607936,0.047546,0.0364571,0.0275602,0.0205842,0.0151997,0.0110882,0.00797746,0.00564253,0.00390209,0.00261005,0.00164805,0.00091844,0.000338363,-0.000165486,-0.000661453,-0.00121727,-0.00190443,-0.00280289,-0.00400651,-0.00562941,-0.00781396,-0.01074,-0.0146359,-0.0197872,-0.0265427,-0.035284,-0.0463639,-0.0598389,-0.0751294,-0.0899477,-0.0997719,-0.0957096,-0.0668171,0
0,0.0820015,0.111907,0.112394,0.0975945,0.0786149,0.0602636,0.044789,0.0325139,0.0231529,0.0161668,0.0110393,0.0073284,0.00468588,0.00284263,0.00159331,0.000780504,0.000282155,1.48E-06,-0.000140921,-0.000213373,-0.000278515,-0.000398139,-0.000638049,-0.00107337,-0.00179495,-0.00291736,-0.00458972,-0.00700961,-0.0104423,-0.0152417,-0.021876,-0.0309204,-0.0430253,-0.0586273,-0.0775822,-0.0976613,-0.113874,-0.114322,-0.0842147,0
0,0.0984798,0.125931,0.119988,0.0981896,0.0743306,0.05311,0.0363935,0.0239316,0.0150035,0.00876589,0.00451581,0.00170579,-6.63E-05,-0.00109262,-0.00158423,-0.00169502,-0.00153887,-0.00120222,-0.000753214,-0.000248602,0.000260718,0.000724817,0.00108995,0.00129321,0.00125587,0.000874532,8.61E-06,-0.00153742,-0.00404035,-0.00789246,-0.0136502,-0.022063,-0.034096,-0.050675,-0.0723643,-0.097483,-0.121313,-0.128974,-0.101835,0
0,0.123256,0.14216,0.125843,0.0955421,0.0669534,0.0436978,0.026673,0.0148256,0.00692045,0.00182213,-0.00132369,-0.00312883,-0.00401431,-0.00426792,-0.00408661,-0.0036067,-0.00292433,-0.00210908,-0.00121345,-0.000279511,0.000656006,0.00155732,0.00238538,0.0030931,0.00361923,0.00387969,0.00375481,0.00306975,0.00156389,-0.00115459,-0.00567828,-0.0128737,-0.0239751,-0.0404415,-0.0637762,-0.093514,-0.126413,-0.145546,-0.128065,0
0,0.118085,0.119098,0.094417,0.0618018,0.034919,0.0151871,0.00215819,-0.00583774,-0.0103132,-0.0124599,-0.0131062,-0.0128,-0.0118933,-0.0106096,-0.00909054,-0.00742629,-0.00567472,-0.00387332,-0.00204697,-0.000213136,0.00161445,0.00342265,0.00519605,0.00691365,0.00854438,0.0100405,0.0113273,0.0122862,0.0127277,0.0123453,0.0106443,0.00684139,-0.000271358,-0.0123469,-0.0314855,-0.0587181,-0.0935056,-0.121396,-0.12323,0
0,0.140921,0.112419,0.0758746,0.0419326,0.0181029,0.0026523,-0.00648758,-0.0113794,-0.0135778,-0.0141328,-0.0137165,-0.0127359,-0.0114341,-0.00995305,-0.00837588,-0.00675061,-0.00510458,-0.00345287,-0.00180335,-0.000159692,0.0014764,0.00310344,0.0047187,0.00631623,0.00788431,0.00940141,0.0108294,0.012102,0.0131044,0.013637,0.0133558,0.011667,0.00758585,-0.000451806,-0.0147491,-0.0378679,-0.0726686,-0.111643,-0.144416,0
0,-0.0677351,-0.0700775,-0.0719062,-0.0705504,-0.0688165,-0.0653277,-0.0607787,-0.0554845,-0.0499143,-0.044337,-0.0389253,-0.0337532,-0.0288426,-0.0241834,-0.0197506,-0.0155119,-0.0114325,-0.00747748,-0.00361225,0.000196976,0.00398333,0.00777961,0.0116186,0.0155331,0.0195564,0.0237217,0.028062,0.0326067,0.0373786,0.0423813,0.0475891,0.0528983,0.058143,0.0629176,0.0669891,0.0694419,0.0718145,0.0709429,0.0709248,0
0,0,0,0,0,0,0,0,0,0,0,0,0,0,0,0,0,0,0,0,0,0,0,0,0,0,0,0,0,0,0,0,0,0,0,0,0,0,0,0,0
 ,,,,,,,,,,,,,,,,,,,,,,,,,,,,,,,,,,,,,,,,