p,,,,,,,,,,,,,,,,,,,,,,,,,,,,,,,,,,,,,,,,
-0.00153996,-0.00153996,-0.00253033,-0.00323745,-0.00378739,-0.00414581,-0.00435887,-0.00444363,-0.00441492,-0.00427799,-0.00408441,-0.00386248,-0.00359447,-0.00328333,-0.00292931,-0.00253878,-0.00211735,-0.00167118,-0.00120592,-0.000727093,-0.000240019,0.000250016,0.000737698,0.00121759,0.00168406,0.00213121,0.00255282,0.00294232,0.00329275,0.00359674,0.00384649,0.00403362,0.00414905,0.00418227,0.00412088,0.00394645,0.00363815,0.00314693,0.0024988,0.00154852,0.00154852
-0.00153996,-0.00153996,-0.00253033,-0.00323745,-0.00378739,-0.00414581,-0.00435887,-0.00444363,-0.00441492,-0.00427799,-0.00408441,-0.00386248,-0.00359447,-0.00328333,-0.00292931,-0.00253878,-0.00211735,-0.00167118,-0.00120592,-0.000727093,-0.000240019,0.000250016,0.000737698,0.00121759,0.00168406,0.00213121,0.00255282,0.00294232,0.00329275,0.00359674,0.00384649,0.00403362,0.00414905,0.00418227,0.00412088,0.00394645,0.00363815,0.00314693,0.0024988,0.00154852,0.00154852
-0.00146929,-0.00146929,-0.00241272,-0.00307477,-0.00358246,-0.00391431,-0.00411191,-0.00418904,-0.00415801,-0.00400394,-0.00380765,-0.00360779,-0.0033594,-0.00307189,-0.00274189,-0.00237745,-0.00198346,-0.00156612,-0.0011307,-0.000682459,-0.000226415,0.000232452,0.000689143,0.00113855,0.00157538,0.0019941,0.0023889,0.00275362,0.00308178,0.00336651,0.00360058,0.00377626,0.00388528,0.00391816,0.00386398,0.00370676,0.00342854,0.0029862,0.00239505,0.00150377,0.00150377
-0.0016433,-0.0016433,-0.00263057,-0.00330104,-0.00381412,-0.00414901,-0.0043504,-0.00443391,-0.00441321,-0.0042778,-0.00408885,-0.00387602,-0.00360746,-0.00329426,-0.0029375,-0.00254512,-0.00212252,-0.00167581,-0.0012104,-0.000731667,-0.000244791,0.000245049,0.000732628,0.00121258,0.00167934,0.00212704,0.00254951,0.00294017,0.00329206,0.00359778,0.00384951,0.00403886,0.00415687,0.00419329,0.00413664,0.0039703,0.0036769,0.00321238,0.0025951,0.00165303,0.00165303
-0.00176208,-0.00176208,-0.00277154,-0.00344239,-0.00395566,-0.00429155,-0.00449601,-0.00457368,-0.00454159,-0.0042569,-0.00398336,-0.00382352,-0.00356491,-0.00327296,-0.0029246,-0.00253979,-0.00212117,-0.00167724,-0.00121333,-0.000735426,-0.0002489,0.000240806,0.000728304,0.00120808,0.00167445,0.00212148,0.00254296,0.00293236,0.00328283,0.00358718,0.00383795,0.00402728,0.0041472,0.00418862,0.00414287,0.00399593,0.00373857,0.00332917,0.00279477,0.00191984,0.00191984
-0.00213115,-0.00213115,-0.00309713,-0.00369325,-0.00415827,-0.00446137,-0.00464917,-0.00473431,-0.00474465,-0.00468504,-0.0045396,-0.00430212,-0.00399298,-0.00363419,-0.00323271,-0.00279649,-0.00233051,-0.00184049,-0.00133156,-0.000809014,-0.000278026,0.000256119,0.000788042,0.00131215,0.00182257,0.00231307,0.00277697,0.00320713,0.00359588,0.00393496,0.00421566,0.00442848,0.00456356,0.00460947,0.00455501,0.00438326,0.00408316,0.00361256,0.0030073,0.00206305,0.00206305
-0.0023,-0.0023,-0.00334324,-0.00401679,-0.00454977,-0.00490259,-0.00512982,-0.00521891,-0.00526345,-0.00434509,-0.0037431,-0.00389683,-0.00362906,-0.00338966,-0.00304052,-0.00265703,-0.00222673,-0.00176767,-0.001284,-0.000784041,-0.000273746,0.000240417,0.000752366,0.00125588,0.0017447,0.00221236,0.00265227,0.00305764,0.00342157,0.00373703,0.00399724,0.00419515,0.00432525,0.00438028,0.00435977,0.00425216,0.00407842,0.00379631,0.00353139,0.0030627,0.0030627
-0.00346791,-0.00346791,-0.00399099,-0.00428985,-0.00461198,-0.0048162,-0.00495115,-0.0049857,-0.00494559,-0.00478179,-0.00456944,-0.00433695,-0.00403071,-0.00368493,-0.00328924,-0.0028565,-0.00238895,-0.00189413,-0.00137727,-0.00084473,-0.000302415,0.000243511,0.000786888,0.00132138,0.00184052,0.00233761,0.00280582,0.00323808,0.0036273,0.00396621,0.00424795,0.00446539,0.00461326,0.00468431,0.00467909,0.00458592,0.00442827,0.00416323,0.00391902,0.00348373,0.00348373
-0.00397054,-0.00397054,-0.00445639,-0.00473205,-0.00503499,-0.00521954,-0.00533857,-0.00534547,-0.00528555,-0.00504474,-0.00478104,-0.00454974,-0.00422135,-0.00386748,-0.00345353,-0.00300354,-0.00251472,-0.00199733,-0.00145595,-0.000897793,-0.000328939,0.000243978,0.000814455,0.00137581,0.00192124,0.00244379,0.00293638,0.00339181,0.00380293,0.00416255,0.00446411,0.00470081,0.00486842,0.00496012,0.00497907,0.00491271,0.00479102,0.00456281,0.00436965,0.00396147,0.00396147
-0.00454676,-0.00454676,-0.0050042,-0.00522552,-0.00549032,-0.0056404,-0.00573425,-0.0057333,-0.00565781,-0.00548402,-0.0052481,-0.00496418,-0.00461369,-0.00421382,-0.00376192,-0.0032682,-0.00273666,-0.00217478,-0.0015885,-0.000984605,-0.000369605,0.000249739,0.000866637,0.00147409,0.00206496,0.00263189,0.00316741,0.00366386,0.00411364,0.00450906,0.00484315,0.00510858,0.00530092,0.00541265,0.00544756,0.00539111,0.00527707,0.00504533,0.00485388,0.00440718,0.00440718
-0.00507972,-0.00507972,-0.00557961,-0.00579991,-0.00606999,-0.00621359,-0.00629919,-0.00628349,-0.00618968,-0.00599642,-0.00573539,-0.00541886,-0.00503334,-0.00459539,-0.00410226,-0.00356467,-0.00298665,-0.0023762,-0.00173951,-0.00108382,-0.000415986,0.00025685,0.000927484,0.0015885,0.00223232,0.00285114,0.00343695,0.00398155,0.00447678,0.00491434,0.00528671,0.00558584,0.00580704,0.00594178,0.00599461,0.00594827,0.00584108,0.00560129,0.00540736,0.0049092,0.0049092
-0.00567612,-0.00567612,-0.00623274,-0.00645739,-0.00673884,-0.00687955,-0.00695953,-0.00693422,-0.00682438,-0.00661985,-0.0063367,-0.00598177,-0.00555635,-0.00506953,-0.00452536,-0.00393215,-0.00329615,-0.00262504,-0.00192587,-0.00120609,-0.000473046,0.000265745,0.00100266,0.00172981,0.00243911,0.00312219,0.0037704,0.00437482,0.00492649,0.00541617,0.00583546,0.00617523,0.00643002,0.00658985,0.00665961,0.00661876,0.00651047,0.00625031,0.00604148,0.00547552,0.00547552
-0.00633941,-0.00633941,-0.00696962,-0.00721171,-0.00751749,-0.00766311,-0.00774217,-0.00770545,-0.00757651,-0.00734642,-0.00702934,-0.00663135,-0.00615714,-0.00561552,-0.00501217,-0.00435565,-0.00365304,-0.00291245,-0.00214145,-0.00134796,-0.000539764,0.000275152,0.00108869,0.00189246,0.00267781,0.00343571,0.00415678,0.00483122,0.00544911,0.0060001,0.00647466,0.00686225,0.00715642,0.0073453,0.00743401,0.00739805,0.00728615,0.00699947,0.00677003,0.0061251,0.0061251
-0.00709259,-0.00709259,-0.00780787,-0.00807372,-0.00841087,-0.00856519,-0.00864546,-0.00859728,-0.00844721,-0.00818747,-0.00783108,-0.00738369,-0.00685323,-0.00624815,-0.00557631,-0.00484646,-0.00406682,-0.00324593,-0.00239204,-0.0015135,-0.000618624,0.00028416,0.00118623,0.00207867,0.0029522,0.00379707,0.00460308,0.00535938,0.00605493,0.00667801,0.00721766,0.00766154,0.00800189,0.00822442,0.00833432,0.0083024,0.00818373,0.00786323,0.0076067,0.00686932,0.00686932
-0.00794627,-0.00794627,-0.00876002,-0.00905642,-0.00943265,-0.00959935,-0.00968245,-0.00962107,-0.00944615,-0.00914986,-0.00874638,-0.00824188,-0.00764628,-0.00696878,-0.00621871,-0.00540556,-0.00453845,-0.00362657,-0.00267879,-0.00170395,-0.000710885,0.000291485,0.00129405,0.00228736,0.00326146,0.00420584,0.00510935,0.00596002,0.00674548,0.00745241,0.0080681,0.00857806,0.00897283,0.00923512,0.00936998,0.00934257,0.00921532,0.00885436,0.00856498,0.00771985,0.00771985
-0.00891326,-0.00891326,-0.00984067,-0.0101736,-0.0105961,-0.0107779,-0.0108646,-0.0107878,-0.0105838,-0.0102446,-0.00978631,-0.00921611,-0.00854591,-0.00778595,-0.00694704,-0.00603958,-0.00507371,-0.00405925,-0.00300573,-0.00192253,-0.000818959,0.000295603,0.00141154,0.00251885,0.00360695,0.00466448,0.00567932,0.00663827,0.00752743,0.00833158,0.00903599,0.00962356,0.0100826,0.0103922,0.010557,0.0105353,0.010398,0.00998922,0.00966071,0.00868915,0.00868915
-0.010006,-0.010006,-0.0110653,-0.0114412,-0.0119177,-0.0121169,-0.0122073,-0.0121117,-0.0118731,-0.0114832,-0.0109611,-0.0103154,-0.00955992,-0.00870643,-0.00776723,-0.00675378,-0.00567718,-0.00454798,-0.00337637,-0.00217222,-0.000945279,0.000294604,0.0015374,0.00277257,0.00398889,0.00517423,0.0063154,0.00739786,0.00840604,0.00932254,0.0101303,0.010809,0.0113444,0.0117108,0.0119123,0.0118986,0.0117505,0.0112859,0.0109115,0.00979095,0.00979095
-0.0112386,-0.0112386,-0.0124519,-0.0128775,-0.0134162,-0.0136345,-0.0137279,-0.013609,-0.0133289,-0.0128794,-0.0122833,-0.0115508,-0.0106983,-0.00973907,-0.0086871,-0.007555,-0.00635488,-0.00509802,-0.00379522,-0.00245682,-0.00109299,0.00028611,0.00167006,0.00304783,0.00440766,0.00573665,0.00702053,0.00824335,0.00938776,0.0104339,0.011362,0.0121479,0.0127741,0.0132093,0.0134563,0.0134545,0.0132957,0.0127664,0.0123385,0.0110412,0.0110412
-0.0126272,-0.0126272,-0.0140211,-0.0145039,-0.0151138,-0.0153523,-0.0154467,-0.0152985,-0.0149683,-0.0144485,-0.0137664,-0.0129343,-0.0119715,-0.0108931,-0.00971477,-0.00845041,-0.00711313,-0.00571496,-0.00426721,-0.00278065,-0.00126569,0.000267187,0.00180728,0.0033433,0.00486295,0.00635262,0.0077971,0.00917894,0.0104789,0.0116745,0.0127426,0.0136548,0.0143896,0.0149086,0.0152128,0.0152284,0.0150604,0.0144565,0.0139664,0.0124584,0.0124584
-0.0141911,-0.0141911,-0.0157979,-0.0163461,-0.0170372,-0.0172956,-0.0173877,-0.0172017,-0.0168108,-0.0162078,-0.0154256,-0.0144793,-0.0133913,-0.0121788,-0.0108593,-0.00944809,-0.00795913,-0.00640519,-0.00479804,-0.00314869,-0.00146776,0.00023416,0.00194626,0.00365702,0.00535385,0.00702259,0.00864712,0.0102086,0.0116858,0.0130533,0.0142845,0.0153459,0.0162109,0.0168326,0.0172095,0.0172511,0.0170771,0.0163876,0.015826,0.014065,0.014065
-0.0159531,-0.0159531,-0.0178125,-0.0184346,-0.0192176,-0.0194942,-0.0195785,-0.0193438,-0.0188785,-0.0181766,-0.0172779,-0.0162004,-0.0149704,-0.0136074,-0.0121307,-0.0105568,-0.00890082,-0.00717587,-0.00539412,-0.00356672,-0.00170434,0.000182559,0.00208321,0.0039861,0.00587856,0.00774607,0.00957179,0.0113356,0.0130144,0.0145795,0.0160008,0.0172384,0.0182604,0.0190089,0.0194788,0.0195586,0.0193849,0.0185981,0.0179546,0.015888,0.015888
-0.0179423,-0.0179423,-0.0201028,-0.020808,-0.0216938,-0.0219842,-0.0220521,-0.0217537,-0.0211968,-0.0203769,-0.0193421,-0.0181141,-0.0167233,-0.0151914,-0.01354,-0.0117866,-0.00994712,-0.00803514,-0.0060629,-0.00404154,-0.00198154,0.000106894,0.00221335,0.00432667,0.0064343,0.00852164,0.0105715,0.0125626,0.0144702,0.0162625,0.0179053,0.0193517,0.0205634,0.0214692,0.0220593,0.022195,0.0220324,0.0211363,0.0204005,0.0179622,0.0179622
-0.0201952,-0.0201952,-0.0227164,-0.0235132,-0.0245124,-0.0248082,-0.0248466,-0.0244648,-0.0237944,-0.0228331,-0.0216392,-0.0202384,-0.0186654,-0.0169446,-0.0150994,-0.0131484,-0.011108,-0.00899212,-0.00681283,-0.00458103,-0.00230675,4.44E-07,0.00233072,0.00467346,0.00701677,0.00934637,0.011645,0.013891,0.0160577,0.0181108,0.0200115,0.0217057,0.0231474,0.0242493,0.0249956,0.0252128,0.025079,0.0240627,0.0232249,0.0203324,0.0203324
-0.0227626,-0.0227626,-0.0257171,-0.0266122,-0.0277338,-0.0280203,-0.0280099,-0.0275179,-0.026706,-0.0255747,-0.0241943,-0.0225946,-0.0208153,-0.0188832,-0.0168234,-0.0146552,-0.0123954,-0.0100578,-0.00765415,-0.00519468,-0.0026887,-0.000144931,0.0024278,0.00501995,0.00762061,0.0102164,0.0127906,0.0153213,0.0177813,0.0201334,0.0223349,0.0243236,0.0260452,0.0273931,0.0283434,0.0286789,0.0286022,0.0274584,0.0265117,0.0230625,0.0230625
-0.0257103,-0.0257103,-0.0291853,-0.0301816,-0.0314302,-0.0316839,-0.0315964,-0.0309589,-0.0299699,-0.0286337,-0.0270342,-0.0252058,-0.0231932,-0.0210251,-0.018728,-0.0163216,-0.0138228,-0.0112447,-0.00859852,-0.00589357,-0.00313797,-0.000339218,0.00249527,0.0053575,0.00823811,0.0111252,0.0140035,0.0168517,0.0196427,0.0223372,0.0248893,0.0272282,0.0292907,0.0309481,0.0321661,0.0326724,0.0326963,0.0314251,0.0303693,0.0262383,0.0262383
-0.0291425,-0.0291425,-0.0332409,-0.0343333,-0.0357047,-0.0358883,-0.0356823,-0.0348513,-0.0336393,-0.0320548,-0.030197,-0.0281046,-0.0258272,-0.0233949,-0.0208351,-0.0181674,-0.0154081,-0.0125693,-0.00966125,-0.00669177,-0.00366753,-0.000594391,0.00252221,0.00567636,0.00886105,0.0120667,0.0152803,0.0184825,0.0216471,0.0247342,0.0276956,0.0304523,0.0329323,0.0349812,0.0365524,0.0373051,0.0374971,0.0361134,0.0349609,0.0299986,0.0299986
-0.0331866,-0.0331866,-0.0380237,-0.039194,-0.0406695,-0.0407271,-0.0403442,-0.0392579,-0.0377655,-0.0358804,-0.0337184,-0.0313218,-0.0287444,-0.0260169,-0.0231668,-0.0202129,-0.01717,-0.0140492,-0.0108588,-0.00760507,-0.00429265,-0.000925122,0.00249448,0.00596309,0.00947683,0.0130295,0.0166115,0.0202067,0.0237918,0.0273279,0.0307661,0.0340205,0.0370109,0.0395547,0.0415911,0.0426961,0.0431559,0.0417006,0.0404856,0.034524,0.034524
-0.0380834,-0.0380834,-0.0437848,-0.0449904,-0.0465239,-0.0463688,-0.0457231,-0.0442955,-0.0424459,-0.0401924,-0.0376678,-0.0349169,-0.0319962,-0.0289358,-0.0257622,-0.0224923,-0.019139,-0.0157113,-0.0122153,-0.00865501,-0.00503241,-0.00134832,0.00239758,0.00620593,0.0100768,0.0140089,0.0179975,0.0220317,0.0260931,0.0301463,0.0341443,0.0379969,0.041617,0.0447932,0.0474481,0.0490592,0.0499381,0.0484977,0.0472936,0.0401524,0.0401524
-0.0440617,-0.0440617,-0.0507412,-0.0519065,-0.0534136,-0.0529262,-0.0519042,-0.0500301,-0.0477322,-0.0450333,-0.0420811,-0.038921,-0.0356103,-0.0321768,-0.0286443,-0.025027,-0.0213351,-0.0175748,-0.0137495,-0.00986023,-0.00590582,-0.00188336,0.00221145,0.00638391,0.0106397,0.0149834,0.0194173,0.023938,0.0285345,0.0331784,0.037828,0.0423929,0.046782,0.0507572,0.0542228,0.0565468,0.0580566,0.0567855,0.0557212,0.0472447,0.0472447
-0.0517403,-0.0517403,-0.0594933,-0.0604742,-0.0617922,-0.0607812,-0.0592032,-0.0567244,-0.0538425,-0.0505853,-0.0471106,-0.0434621,-0.0396942,-0.0358299,-0.0318887,-0.0278806,-0.0238118,-0.0196846,-0.0154989,-0.0112517,-0.00693772,-0.00254946,0.00192284,0.00649074,0.0111671,0.0159649,0.0208958,0.025967,0.0311789,0.0365144,0.0419421,0.0473775,0.0527304,0.0577416,0.0622947,0.065643,0.0681094,0.067287,0.0665966,0.0566769,0.0566769
-0.0613564,-0.0613564,-0.0701754,-0.0707654,-0.0716558,-0.0698931,-0.0675559,-0.0643093,-0.0607091,-0.0567871,-0.0527026,-0.0484938,-0.0442078,-0.0398611,-0.0354667,-0.0310291,-0.02655,-0.022027,-0.0174557,-0.0128284,-0.00813485,-0.00336164,0.0015077,0.00649252,0.0116148,0.0168981,0.0223665,0.0280411,0.0339375,0.0400556,0.0463796,0.0528396,0.0593523,0.0656508,0.071597,0.0763424,0.0801719,0.080217,0.0802469,0.0689567,0.0689567
-0.0747961,-0.0747961,-0.0845498,-0.0843364,-0.0843117,-0.0813646,-0.0778661,-0.0735307,-0.0689389,-0.0641331,-0.0592563,-0.0543382,-0.0494096,-0.0444769,-0.0395424,-0.0346025,-0.0296513,-0.0246802,-0.0196781,-0.0146311,-0.00952152,-0.00432808,0.000974947,0.00641771,0.0120348,0.0178647,0.0239487,0.030328,0.0370404,0.0441118,0.0515503,0.0593154,0.0673365,0.0753644,0.0832274,0.0900177,0.0959015,0.097584,0.0989641,0.086609,0.086609
-0.0911893,-0.0911893,-0.101346,-0.0998924,-0.0984326,-0.0939682,-0.0890319,-0.0834281,-0.0777075,-0.0719192,-0.0661713,-0.0604807,-0.0548573,-0.0492958,-0.0437867,-0.0383182,-0.0328764,-0.027446,-0.0220089,-0.0165435,-0.0110243,-0.00542043,0.000304602,0.00619386,0.0122969,0.0186701,0.0253755,0.0324792,0.0400461,0.0481354,0.0567871,0.0660023,0.0757344,0.0857804,0.095938,0.105315,0.113881,0.118103,0.121566,0.109091,0.109091
-0.117909,-0.117909,-0.127264,-0.123366,-0.118914,-0.111806,-0.104345,-0.096665,-0.089123,-0.0818188,-0.0747642,-0.0679593,-0.0613672,-0.0549606,-0.048705,-0.0425713,-0.0365304,-0.0305537,-0.0246107,-0.0186679,-0.0126866,-0.0066226,-0.000423119,0.00597343,0.0126387,0.0196557,0.0271176,0.0351295,0.0437998,0.0532437,0.0635523,0.0748084,0.0869969,0.100042,0.11365,0.127149,0.139992,0.148915,0.156118,0.145389,0.145389
-0.145431,-0.145431,-0.151729,-0.144952,-0.136998,-0.127299,-0.117463,-0.107932,-0.0987943,-0.0901691,-0.0819763,-0.0741959,-0.0667559,-0.0596118,-0.052712,-0.0460151,-0.0394797,-0.0330666,-0.0267343,-0.0204382,-0.0141275,-0.00774436,-0.00122111,0.00552224,0.0125788,0.0200574,0.0280825,0.0367985,0.0463579,0.0569333,0.0686743,0.0817489,0.0961949,0.112083,0.129072,0.14683,0.16426,0.179019,0.190878,0.185362,0.185362
-0.209894,-0.209894,-0.205814,-0.191951,-0.174306,-0.158161,-0.142139,-0.128106,-0.115161,-0.103607,-0.0930269,-0.083349,-0.0743637,-0.0659627,-0.0580251,-0.0504641,-0.0431985,-0.036159,-0.0292773,-0.0224857,-0.015712,-0.00887525,-0.00188365,0.00537044,0.0130151,0.021203,0.0301135,0.0399635,0.0509936,0.0635022,0.0777611,0.0941623,0.11284,0.134322,0.158001,0.184746,0.211529,0.239622,0.261237,0.269975,0.269975
-0.244375,-0.244375,-0.225793,-0.207924,-0.185103,-0.166523,-0.148395,-0.132918,-0.118785,-0.106278,-0.0949183,-0.0846129,-0.0751365,-0.0663644,-0.0581666,-0.0504424,-0.0430976,-0.0360513,-0.029223,-0.0225341,-0.0159015,-0.00923373,-0.00242732,0.00463758,0.0121042,0.0201454,0.028966,0.0388162,0.0499822,0.062825,0.0776986,0.095107,0.115311,0.139062,0.165836,0.197171,0.229331,0.266772,0.295583,0.325067,0.325067
-0.454497,-0.454497,-0.368899,-0.326939,-0.268019,-0.230211,-0.194257,-0.167343,-0.144239,-0.125519,-0.109538,-0.0959152,-0.0839843,-0.0733971,-0.0638219,-0.055031,-0.0468339,-0.03908,-0.0316379,-0.0243921,-0.0172272,-0.0100258,-0.00265692,0.00503184,0.0132235,0.0221484,0.032089,0.0434164,0.0565759,0.0721896,0.0909082,0.113838,0.141631,0.176576,0.217775,0.271545,0.327923,0.409142,0.467304,0.574618,0.574618
-0.384218,-0.384218,-0.285743,-0.252699,-0.207416,-0.178714,-0.151797,-0.130982,-0.113032,-0.0981743,-0.0854256,-0.0744887,-0.0649251,-0.0564729,-0.0488882,-0.041988,-0.0356185,-0.0296551,-0.0239864,-0.0185135,-0.0131433,-0.00777654,-0.0023076,0.00338387,0.00944301,0.0160509,0.0234312,0.0318731,0.0417355,0.05351,0.0677548,0.0853466,0.106987,0.134466,0.167759,0.211709,0.260157,0.331932,0.386464,0.517401,0.517401
-1.34189,-1.34189,-0.752268,-0.605881,-0.415792,-0.324218,-0.246872,-0.198201,-0.161001,-0.134421,-0.113856,-0.097822,-0.0847042,-0.073649,-0.0639771,-0.0552606,-0.0471827,-0.0395241,-0.0321184,-0.0248346,-0.0175577,-0.0101754,-0.00256957,0.00540275,0.0139227,0.0232254,0.0336247,0.0455705,0.0596468,0.0767715,0.0980355,0.125565,0.161123,0.210634,0.274677,0.374467,0.491135,0.721638,0.899389,1.54808,1.54808
0,0,0,0,0,0,0,0,0,0,0,0,0,0,0,0,0,0,0,0,0,0,0,0,0,0,0,0,0,0,0,0,0,0,0,0,0,0,0,0,0
 u,,,,,,,,,,,,,,,,,,,,,,,,,,,,,,,,,,,,,,,,
0,0,0,0,0,0,0,0,0,0,0,0,0,0,0,0,0,0,0,0,0,0,0,0,0,0,0,0,0,0,0,0,0,0,0,0,0,0,0,0,0
0,9.92E-06,1.70E-05,1.26E-05,9.12E-06,5.76E-06,3.02E-06,6.05E-07,-1.61E-06,-3.26E-06,-4.11E-06,-4.86E-06,-5.76E-06,-6.62E-06,-7.42E-06,-8.09E-06,-8.65E-06,-9.10E-06,-9.43E-06,-9.65E-06,-9.77E-06,-9.78E-06,-9.68E-06,-9.48E-06,-9.15E-06,-8.71E-06,-8.14E-06,-7.43E-06,-6.58E-06,-5.57E-06,-4.41E-06,-3.07E-06,-1.53E-06,2.40E-07,2.32E-06,4.79E-06,7.96E-06,1.14E-05,1.60E-05,9.49E-06,0
0,9.43E-06,1.61E-05,1.17E-05,8.40E-06,5.29E-06,2.75E-06,4.61E-07,-1.85E-06,-3.50E-06,-3.96E-06,-4.48E-06,-5.36E-06,-6.18E-06,-6.94E-06,-7.58E-06,-8.11E-06,-8.53E-06,-8.84E-06,-9.04E-06,-9.15E-06,-9.16E-06,-9.06E-06,-8.86E-06,-8.56E-06,-8.14E-06,-7.60E-06,-6.93E-06,-6.13E-06,-5.19E-06,-4.10E-06,-2.85E-06,-1.42E-06,2.13E-07,2.11E-06,4.35E-06,7.21E-06,1.03E-05,1.48E-05,8.91E-06,0
0,9.87E-06,1.66E-05,1.18E-05,8.48E-06,5.36E-06,2.85E-06,6.28E-07,-1.56E-06,-3.24E-06,-4.02E-06,-4.81E-06,-5.82E-06,-6.70E-06,-7.49E-06,-8.15E-06,-8.69E-06,-9.12E-06,-9.44E-06,-9.66E-06,-9.77E-06,-9.77E-06,-9.68E-06,-9.47E-06,-9.14E-06,-8.70E-06,-8.13E-06,-7.43E-06,-6.58E-06,-5.57E-06,-4.41E-06,-3.07E-06,-1.54E-06,2.02E-07,2.23E-06,4.60E-06,7.58E-06,1.08E-05,1.56E-05,9.42E-06,0
0,1.01E-05,1.68E-05,1.18E-05,8.49E-06,5.40E-06,2.82E-06,4.56E-07,-3.17E-06,-5.58E-06,-4.33E-06,-4.18E-06,-5.51E-06,-6.40E-06,-7.33E-06,-8.03E-06,-8.63E-06,-9.08E-06,-9.42E-06,-9.64E-06,-9.76E-06,-9.77E-06,-9.67E-06,-9.46E-06,-9.13E-06,-8.69E-06,-8.11E-06,-7.40E-06,-6.55E-06,-5.55E-06,-4.40E-06,-3.09E-06,-1.61E-06,4.33E-08,1.93E-06,4.04E-06,6.67E-06,9.44E-06,1.41E-05,8.75E-06,0
0,9.66E-06,1.56E-05,1.06E-05,7.68E-06,4.91E-06,2.73E-06,9.55E-07,-4.93E-07,-2.05E-06,-8.50E-06,-1.26E-05,-1.63E-05,-1.91E-05,-2.15E-05,-2.35E-05,-2.51E-05,-2.64E-05,-2.74E-05,-2.80E-05,-2.83E-05,-2.84E-05,-2.81E-05,-2.74E-05,-2.65E-05,-2.52E-05,-2.35E-05,-2.15E-05,-1.91E-05,-1.64E-05,-1.32E-05,-9.79E-06,-6.03E-06,-2.01E-06,2.22E-06,6.52E-06,1.10E-05,1.49E-05,1.96E-05,1.20E-05,0
0,1.33E-05,2.19E-05,1.68E-05,1.27E-05,8.02E-06,3.26E-06,-1.01E-06,-1.38E-05,-3.48E-05,-0.000292623,-0.000446305,-0.000601289,-0.00072105,-0.000824495,-0.000908445,-0.000976996,-0.00103054,-0.00107025,-0.00109654,-0.00110977,-0.00111004,-0.00109736,-0.0010716,-0.00103259,-0.000980154,-0.000914188,-0.000834753,-0.000742174,-0.000637187,-0.000521068,-0.000395887,-0.000264611,-0.000131727,-2.91E-06,0.000112762,0.000205966,0.00025736,0.000257685,0.000160664,0
0,0.000182637,0.000294446,0.000297584,0.000242688,0.000138961,6.05E-06,-0.000147438,-0.000317314,-0.000500216,-0.000712253,-0.000912405,-0.00110199,-0.00127126,-0.00142053,-0.00154798,-0.00165395,-0.00173833,-0.00180142,-0.00184335,-0.00186422,-0.00186398,-0.00184247,-0.00179942,-0.00173452,-0.00164751,-0.00153828,-0.00140704,-0.00125449,-0.00108209,-0.000892249,-0.000688746,-0.000476924,-0.000264513,-6.13E-05,0.000118547,0.000259888,0.000336816,0.00033554,0.00020908,0
0,0.000239921,0.000387701,0.000395317,0.000313833,0.000157353,-4.77E-05,-0.000285064,-0.000543607,-0.000800382,-0.00103741,-0.00126745,-0.00148949,-0.00169235,-0.00187461,-0.0020322,-0.00216449,-0.00227049,-0.00235009,-0.00240309,-0.00242941,-0.00242886,-0.00240115,-0.00234589,-0.0022627,-0.00215125,-0.00201149,-0.0018438,-0.00164927,-0.00142998,-0.00118936,-0.000932582,-0.000666847,-0.000402262,-0.000151181,6.90E-05,0.000241238,0.000337384,0.000345289,0.000218812,0
0,0.000254441,0.000405939,0.000406884,0.000307675,0.000120914,-0.000123379,-0.000406134,-0.000708216,-0.0010108,-0.00129952,-0.00157444,-0.00183264,-0.00206856,-0.00227938,-0.00246222,-0.00261582,-0.00273922,-0.00283204,-0.00289398,-0.00292483,-0.00292426,-0.00289186,-0.0028271,-0.00272945,-0.00259851,-0.00243415,-0.00223684,-0.0020079,-0.00174986,-0.00146689,-0.00116524,-0.000853519,-0.000543612,-0.000249785,8.38E-06,0.000212205,0.000331447,0.000354456,0.000229328,0
0,0.000269605,0.000423313,0.000411423,0.000290702,7.33E-05,-0.000207873,-0.00053194,-0.000876939,-0.00122407,-0.00155837,-0.00187587,-0.00217183,-0.00244129,-0.00268135,-0.00288934,-0.00306398,-0.00320437,-0.00331013,-0.00338095,-0.00341658,-0.00341662,-0.00338053,-0.00330764,-0.00319722,-0.00304868,-0.00286178,-0.00263692,-0.0023755,-0.00208039,-0.00175629,-0.00141041,-0.00105254,-0.000696236,-0.000357527,-5.83E-05,0.000181181,0.000327444,0.000368397,0.000243646,0
0,0.000289096,0.000446425,0.000419143,0.000273313,2.16E-05,-0.000299655,-0.000667985,-0.00105905,-0.001454,-0.00183752,-0.00220134,-0.00253895,-0.00284534,-0.00311726,-0.0033524,-0.00354954,-0.00370801,-0.00382756,-0.003908,-0.0039491,-0.00395041,-0.00391127,-0.00383079,-0.00370799,-0.003542,-0.00333227,-0.00307902,-0.0027836,-0.00244901,-0.00208044,-0.0016859,-0.00127643,-0.000867337,-0.000476701,-0.000129168,0.000152477,0.000330444,0.000391066,0.000263742,0
0,0.000314979,0.0004794,0.000435296,0.000259677,-3.33E-05,-0.000402572,-0.000823516,-0.00126911,-0.00171917,-0.00215691,-0.00257168,-0.00295548,-0.0033028,-0.00361014,-0.00387533,-0.00409737,-0.00427584,-0.00441073,-0.00450205,-0.00454962,-0.004553,-0.00451135,-0.00442352,-0.00428819,-0.00410404,-0.00387012,-0.00358626,-0.00325357,-0.0028751,-0.00245637,-0.00200624,-0.0015371,-0.00106626,-0.000614299,-0.000209371,0.000122483,0.000337809,0.000420614,0.000288756,0
0,0.00034642,0.000520504,0.000457547,0.000246774,-9.53E-05,-0.000522093,-0.00100564,-0.00151565,-0.00202982,-0.00252951,-0.00300195,-0.00343787,-0.00383118,-0.00417819,-0.00447692,-0.00472666,-0.00492741,-0.00507949,-0.00518316,-0.0052384,-0.00524474,-0.00520118,-0.00510622,-0.00495806,-0.00475479,-0.00449484,-0.00417746,-0.00380335,-0.00337541,-0.00289941,-0.00238506,-0.00184622,-0.00130262,-0.000777851,-0.000304427,8.74E-05,0.000347223,0.000455945,0.000318343,0
0,0.000383048,0.00056863,0.000483663,0.000231056,-0.000169765,-0.000665028,-0.00122287,-0.00180874,-0.0023975,-0.00296813,-0.00350599,-0.0040006,-0.0044454,-0.0048366,-0.00517254,-0.00545296,-0.00567838,-0.00584959,-0.00596724,-0.00603151,-0.00604191,-0.00599725,-0.00589559,-0.00573448,-0.00551127,-0.00522352,-0.00486965,-0.00444967,-0.00396613,-0.00342492,-0.00283657,-0.0022166,-0.00158749,-0.000976502,-0.000421447,4.22E-05,0.00035552,0.000495596,0.00035209,0
0,0.000424486,0.000622438,0.000510777,0.000208029,-0.000262713,-0.000839189,-0.00148452,-0.00215899,-0.00283399,-0.0034857,-0.00409757,-0.00465804,-0.00516012,-0.00560017,-0.005977,-0.00629102,-0.00654347,-0.00673578,-0.0068691,-0.00694391,-0.00695974,-0.00691512,-0.00680759,-0.00663391,-0.0063904,-0.00607347,-0.00568042,-0.00521023,-0.00466479,-0.0040499,-0.00337685,-0.00266292,-0.00193376,-0.00122094,-0.000568677,-1.88E-05,0.000359365,0.000538256,0.000389753,0
0,0.000470523,0.000680745,0.000535883,0.000172608,-0.000381463,-0.00105391,-0.00180173,-0.00257906,-0.00335312,-0.00409692,-0.00479198,-0.00542569,-0.0059909,-0.00648431,-0.0069055,-0.0072558,-0.00753744,-0.00775272,-0.00790343,-0.00799045,-0.00801338,-0.00797044,-0.00785852,-0.00767335,-0.00740996,-0.00706329,-0.00662903,-0.00610477,-0.00549132,-0.00479406,-0.00402485,-0.00320277,-0.00235707,-0.00152432,-0.00075635,-0.000102791,0.000354631,0.000582324,0.000431046,0
0,0.000520943,0.000742167,0.000555349,0.000118582,-0.000534905,-0.00132052,-0.00218792,-0.00308397,-0.00397108,-0.00481875,-0.00560651,-0.0063209,-0.00695483,-0.00750573,-0.00797429,-0.00836314,-0.00867577,-0.00891565,-0.00908543,-0.00918652,-0.00921861,-0.00917962,-0.0090656,-0.00887106,-0.00858938,-0.00821356,-0.00773723,-0.00715597,-0.00646898,-0.00568073,-0.00480335,-0.00385767,-0.0028768,-0.00190308,-0.000997377,-0.000218702,0.000336038,0.000625726,0.000475579,0
0,0.000575441,0.000804926,0.00056458,3.81E-05,-0.000734142,-0.00165306,-0.00265953,-0.00369191,-0.00470718,-0.00567101,-0.00656104,-0.0073632,-0.00807086,-0.00868264,-0.0092008,-0.00962971,-0.00997457,-0.0102403,-0.0104307,-0.0105479,-0.0105917,-0.0105597,-0.010447,-0.0102466,-0.00994979,-0.00954712,-0.00902952,-0.00838986,-0.00762497,-0.00673771,-0.00573996,-0.004654,-0.00351711,-0.00237807,-0.00130838,-0.000378362,0.000296518,0.000665555,0.000522711,0
0,0.000633518,0.000866568,0.00055753,-7.87E-05,-0.00099318,-0.00206894,-0.00323661,-0.00442467,-0.00558413,-0.00667662,-0.00767809,-0.00857426,-0.00935957,-0.0100344,-0.0106031,-0.0110725,-0.0114499,-0.0117422,-0.0119545,-0.0120899,-0.0121486,-0.0121277,-0.0120211,-0.0118201,-0.0115135,-0.0110887,-0.0105331,-0.00983591,-0.00899071,-0.00799774,-0.00686779,-0.00562411,-0.00430812,-0.00297573,-0.00171082,-0.000597334,0.000226512,0.000697686,0.00057142,0
0,0.000694372,0.000923675,0.000526216,-0.000244973,-0.0013296,-0.00258956,-0.00394325,-0.00530791,-0.00662804,-0.00786126,-0.0089822,-0.00997707,-0.0108421,-0.0115801,-0.0121987,-0.0127074,-0.0131163,-0.0134348,-0.0136698,-0.0138257,-0.013903,-0.0138984,-0.0138046,-0.0136107,-0.0133024,-0.0128633,-0.0122764,-0.0115261,-0.0106013,-0.0094984,-0.00822584,-0.0068069,-0.00528688,-0.0037293,-0.00223231,-0.00089608,0.000113102,0.000716288,0.000620111,0
0,0.000756802,0.000971598,0.000460244,-0.000476811,-0.00176502,-0.00324053,-0.00480755,-0.00637062,-0.00786748,-0.00925197,-0.0104982,-0.0115937,-0.0125375,-0.0133361,-0.0140009,-0.0145452,-0.0149827,-0.0153257,-0.0155836,-0.015762,-0.0158623,-0.0158806,-0.0158085,-0.0156323,-0.0153342,-0.0148931,-0.0142864,-0.0134923,-0.0124935,-0.0112806,-0.00985805,-0.00824764,-0.00649776,-0.00467963,-0.00290761,-0.00130107,-6.09E-05,0.000713289,0.000666424,0
0,0.000819119,0.00100424,0.000346515,-0.000794111,-0.00232494,-0.00405102,-0.00586023,-0.00764308,-0.00933064,-0.0108736,-0.0122468,-0.0134404,-0.0144575,-0.0153096,-0.0160128,-0.0165856,-0.0170459,-0.0174096,-0.017689,-0.0178917,-0.0180198,-0.0180694,-0.0180304,-0.0178863,-0.0176151,-0.01719,-0.0165816,-0.0157603,-0.0147003,-0.0133842,-0.0118099,-0.00999559,-0.0079911,-0.0058748,-0.00377903,-0.00184549,-0.00031774,0.000677882,0.000707029,0
0,0.000879191,0.0010141,0.000169403,-0.00121966,-0.00303737,-0.00505132,-0.00713106,-0.00915201,-0.0110393,-0.0127418,-0.0142365,-0.0155183,-0.0165961,-0.0174877,-0.0182158,-0.0188046,-0.0192774,-0.0196547,-0.0199521,-0.0201797,-0.0203409,-0.0204317,-0.0204403,-0.0203473,-0.0201258,-0.0197425,-0.0191595,-0.0183376,-0.0172399,-0.0158381,-0.0141203,-0.0120975,-0.00981853,-0.00736713,-0.00489485,-0.00256877,-0.000684743,0.000596349,0.000737573,0
0,0.000934603,0.000992754,-8.81E-05,-0.00177687,-0.00392889,-0.00626707,-0.00864101,-0.0109107,-0.0129968,-0.0148486,-0.016448,-0.0177966,-0.0189115,-0.0198186,-0.0205487,-0.0211332,-0.0216018,-0.0219802,-0.0222885,-0.0225396,-0.0227386,-0.0228818,-0.022956,-0.0229384,-0.0227971,-0.022491,-0.0219728,-0.0211908,-0.0200948,-0.0186414,-0.0168046,-0.0145836,-0.0120217,-0.00920487,-0.00630382,-0.00351344,-0.00119291,0.000452608,0.000752845,0
0,0.000983316,0.000932333,-0.000441424,-0.00248481,-0.00501701,-0.00770853,-0.0103883,-0.0129017,-0.0151681,-0.0171403,-0.0188087,-0.0201846,-0.0212961,-0.0221794,-0.022875,-0.023423,-0.0238607,-0.0242199,-0.0245257,-0.0247949,-0.0250347,-0.0252422,-0.025403,-0.0254915,-0.0254698,-0.0252892,-0.0248908,-0.024209,-0.0231763,-0.0217302,-0.0198249,-0.0174412,-0.0146106,-0.0114155,-0.00804319,-0.00471736,-0.0018725,0.00023043,0.000747727,0
0,0.00102456,0.000828167,-0.000898991,-0.00334855,-0.00629572,-0.00935098,-0.0123237,-0.0150476,-0.0174455,-0.0194791,-0.0211513,-0.0224876,-0.0235299,-0.0243272,-0.0249317,-0.0253935,-0.0257585,-0.0260658,-0.0263463,-0.0266212,-0.0269007,-0.0271832,-0.0274542,-0.0276852,-0.0278333,-0.0278412,-0.0276382,-0.0271424,-0.026266,-0.0249222,-0.0230387,-0.0205695,-0.0175248,-0.0139738,-0.0101148,-0.00619746,-0.00274327,-8.19E-05,0.000718796,0
0,0.00106107,0.000683654,-0.00145316,-0.00434471,-0.00771434,-0.0111065,-0.0143152,-0.0171687,-0.019601,-0.0215893,-0.0231557,-0.0243442,-0.025214,-0.0258298,-0.026257,-0.0265573,-0.0267861,-0.0269905,-0.0272079,-0.0274646,-0.0277749,-0.0281395,-0.0285444,-0.0289598,-0.0293387,-0.029616,-0.0297088,-0.0295181,-0.0289329,-0.0278371,-0.0261244,-0.0237113,-0.0205736,-0.0167532,-0.0124472,-0.00792314,-0.00379782,-0.000482559,0.000668387,0
0,0.0011008,0.000516968,-0.00206482,-0.00539582,-0.00914082,-0.0127764,-0.0160908,-0.0189174,-0.0212127,-0.022979,-0.0242646,-0.0251378,-0.025679,-0.0259709,-0.0260938,-0.0261216,-0.02612,-0.0261444,-0.0262392,-0.0264366,-0.0267556,-0.0272006,-0.0277599,-0.0284042,-0.0290844,-0.0297297,-0.030247,-0.0305203,-0.0304144,-0.02978,-0.0284688,-0.0263478,-0.0233417,-0.0194443,-0.0148309,-0.00976944,-0.00497211,-0.000941944,0.00060895,0
0,0.00116191,0.000370498,-0.00264751,-0.00634371,-0.0103228,-0.0139999,-0.0171748,-0.019704,-0.0215819,-0.0228481,-0.0235865,-0.0238953,-0.0238796,-0.0236421,-0.0232787,-0.0228758,-0.0225089,-0.0222414,-0.0221248,-0.0221971,-0.0224831,-0.0229923,-0.0237175,-0.0246329,-0.025691,-0.0268194,-0.0279186,-0.0288597,-0.0294846,-0.0296098,-0.029039,-0.0275772,-0.0250778,-0.021459,-0.0168411,-0.0114603,-0.00610858,-0.00138118,0.000573569,0
0,0.00127292,0.000324365,-0.00302913,-0.00688802,-0.0108037,-0.0141525,-0.0167735,-0.0185731,-0.0196037,-0.0199577,-0.0197635,-0.0191548,-0.0182642,-0.0172145,-0.0161166,-0.0150679,-0.0141519,-0.0134388,-0.0129856,-0.012836,-0.0130207,-0.0135558,-0.0144415,-0.0156593,-0.0171687,-0.0189029,-0.0207635,-0.0226165,-0.0242883,-0.0255652,-0.0262019,-0.0259324,-0.0245178,-0.0217666,-0.0176973,-0.0124614,-0.0068862,-0.00164217,0.000621748,0
0,0.00148176,0.000505668,-0.00294188,-0.00656219,-0.00988235,-0.012288,-0.0137021,-0.0141193,-0.0136756,-0.0125329,-0.0108728,-0.00886834,-0.00667932,-0.00444676,-0.00229294,-0.000322032,0.00137823,0.00273486,0.0036881,0.00419035,0.0042057,0.00371036,0.00269405,0.00116263,-0.000857866,-0.0033157,-0.0061264,-0.00916465,-0.0122562,-0.0151707,-0.0176223,-0.0192734,-0.0197757,-0.0187924,-0.0161751,-0.0119122,-0.00677545,-0.00145419,0.000860751,0
0,0.00185533,0.00114352,-0.00187575,-0.00452433,-0.00635992,-0.00686773,-0.0061133,-0.00422865,-0.00145891,0.00194989,0.00575878,0.00975669,0.0137619,0.0176223,0.021212,0.0244279,0.0271857,0.029416,0.0310617,0.0320755,0.0324183,0.0320589,0.0309744,0.029153,0.0265974,0.0233315,0.0194091,0.0149252,0.0100297,0.0049425,-3.49E-05,-0.00451158,-0.0080288,-0.0100796,-0.0102768,-0.00834378,-0.00483563,-0.000352279,0.00145167,0
0,0.00248881,0.00253869,0.000841844,0.000365113,0.00139986,0.00420103,0.00848366,0.0139144,0.0201188,0.0267575,0.0335406,0.0402296,0.0466355,0.0526101,0.058039,0.0628342,0.0669269,0.0702625,0.0727952,0.0744849,0.0752938,0.0751853,0.0741232,0.0720729,0.069005,0.0649007,0.0597621,0.0536251,0.0465789,0.0387884,0.0305236,0.0221809,0.0143016,0.00755739,0.00264594,0.000224939,0.000215486,0.0023215,0.0026429,0
0,0.00364529,0.00554294,0.00693791,0.0106328,0.0166121,0.0246567,0.0341954,0.044655,0.0555361,0.0664246,0.0770064,0.0870448,0.0963717,0.104869,0.112457,0.119083,0.124711,0.129316,0.132876,0.135367,0.136761,0.13702,0.136096,0.133931,0.130455,0.125596,0.119284,0.111463,0.102117,0.0912973,0.0791645,0.0660313,0.0524301,0.0391211,0.0271088,0.0174997,0.0110165,0.00795526,0.00491752,0
0,0.00560439,0.011074,0.0183881,0.0292896,0.0432252,0.0591095,0.0760796,0.0932827,0.11016,0.126274,0.141355,0.155225,0.167789,0.179002,0.188856,0.197363,0.204543,0.210419,0.215007,0.218314,0.220327,0.221016,0.220325,0.218174,0.214451,0.209021,0.201723,0.192382,0.180831,0.166932,0.15064,0.132045,0.11152,0.0897167,0.0678731,0.0474536,0.0304441,0.0181043,0.00886603,0
0,0.0109334,0.0246217,0.0434951,0.0662596,0.0917933,0.118124,0.144254,0.169256,0.192672,0.214191,0.233696,0.251157,0.266617,0.280156,0.291872,0.301868,0.310242,0.317079,0.322445,0.326383,0.328909,0.330005,0.329617,0.327651,0.323963,0.318362,0.3106,0.30038,0.28736,0.271167,0.251458,0.227946,0.200594,0.169615,0.136025,0.101202,0.0682549,0.0394041,0.0176314,0
0,0.0219181,0.0508584,0.0901083,0.130944,0.172802,0.212235,0.248882,0.281965,0.311528,0.337614,0.360461,0.380319,0.397466,0.412164,0.424659,0.435169,0.44388,0.450947,0.456488,0.460585,0.463281,0.464577,0.464427,0.46273,0.459325,0.45398,0.446381,0.436115,0.422675,0.405434,0.38369,0.356631,0.323597,0.283846,0.237757,0.185376,0.131123,0.0764624,0.0338105,0
0,0.0707166,0.13667,0.207136,0.269241,0.325334,0.373874,0.415931,0.451918,0.482649,0.508767,0.530918,0.549649,0.565444,0.578714,0.589804,0.599003,0.606545,0.612617,0.617362,0.620879,0.623228,0.624424,0.624435,0.62318,0.620513,0.616218,0.609988,0.601408,0.589927,0.574826,0.555202,0.52989,0.497578,0.456515,0.405385,0.341811,0.267186,0.178113,0.0921108,0
0,0.205408,0.315603,0.425994,0.503354,0.566969,0.615464,0.654142,0.684623,0.709034,0.728622,0.744462,0.757316,0.767785,0.776323,0.783283,0.788933,0.793481,0.797085,0.799859,0.801882,0.803198,0.803821,0.803729,0.802862,0.801115,0.798323,0.794249,0.788553,0.780766,0.770219,0.756023,0.736837,0.71107,0.675844,0.628932,0.563194,0.479966,0.356022,0.230269,0
1,1,1,1,1,1,1,1,1,1,1,1,1,1,1,1,1,1,1,1,1,1,1,1,1,1,1,1,1,1,1,1,1,1,1,1,1,1,1,1,1
 v,,,,,,,,,,,,,,,,,,,,,,,,,,,,,,,,,,,,,,,,
0,0,0,0,0,0,0,0,0,0,0,0,0,0,0,0,0,0,0,0,0,0,0,0,0,0,0,0,0,0,0,0,0,0,0,0,0,0,0,0,0
0,6.78E-05,0.000124712,0.000166364,0.00019447,0.000212693,0.000223177,0.00022701,0.000224566,0.000215774,0.000204718,0.000193518,0.000180264,0.000164877,0.000147236,0.000127687,0.000106531,8.41E-05,6.07E-05,3.66E-05,1.21E-05,-1.26E-05,-3.72E-05,-6.14E-05,-8.49E-05,-0.000107389,-0.000128628,-0.000148254,-0.000165921,-0.000181262,-0.000193894,-0.000203412,-0.000209383,-0.000211321,-0.000208641,-0.000200524,-0.000185615,-0.000161598,-0.000124204,-6.98E-05,0
0,0.000168231,0.000301685,0.000397327,0.000462473,0.00050487,0.000529578,0.000539281,0.00053508,0.000517253,0.000493071,0.000466424,0.000434304,0.000396778,0.000354002,0.000306779,0.000255838,0.000201922,0.000145718,8.79E-05,2.91E-05,-3.01E-05,-8.90E-05,-0.000146998,-0.000203367,-0.000257423,-0.000308419,-0.000355564,-0.000398024,-0.000434911,-0.000465292,-0.000488168,-0.000502471,-0.000506993,-0.000500294,-0.000480384,-0.00044421,-0.000386529,-0.000298679,-0.000170288,0
0,0.000287381,0.000509395,0.000667174,0.000775483,0.000846209,0.000887606,0.000903605,0.000895574,0.000860228,0.000816566,0.000773738,0.000720946,0.00065934,0.00058859,0.000510339,0.000425755,0.00033615,0.000242674,0.000146451,4.86E-05,-4.99E-05,-0.00014799,-0.000244478,-0.000338282,-0.000428218,-0.000513041,-0.000591438,-0.000662021,-0.000723324,-0.000773807,-0.000811833,-0.000835659,-0.000843326,-0.000832544,-0.000800136,-0.000741469,-0.000648124,-0.000506865,-0.000296134,0
0,0.000415171,0.00072158,0.000934835,0.00108067,0.00117598,0.00123212,0.00125493,0.00124689,0.00120595,0.00115059,0.00109005,0.00101495,0.000926982,0.000826759,0.000716348,0.000597386,0.000471587,0.000340506,0.000205662,6.85E-05,-6.95E-05,-0.000206801,-0.000341999,-0.000473485,-0.000599613,-0.000718645,-0.000828738,-0.000927939,-0.00101418,-0.00108526,-0.00113887,-0.00117249,-0.00118334,-0.00116815,-0.00112249,-0.0010401,-0.00090969,-0.000713418,-0.000419754,0
0,0.000553115,0.000952068,0.00122751,0.00141629,0.00154016,0.00161366,0.00164319,0.00163009,0.00154421,0.00145411,0.00138824,0.00129503,0.00118622,0.0010594,0.000919097,0.00076712,0.000606056,0.00043794,0.000264835,8.87E-05,-8.86E-05,-0.000265062,-0.000438741,-0.000607593,-0.000769486,-0.000922179,-0.00106331,-0.00119039,-0.00130081,-0.00139181,-0.00146052,-0.00150392,-0.00151861,-0.00150093,-0.00144568,-0.00134636,-0.00118938,-0.000954291,-0.000589855,0
0,0.000741233,0.00121721,0.00153497,0.00175317,0.00189636,0.00198166,0.00201742,0.00201086,0.00196539,0.00188926,0.0017879,0.00166198,0.00151521,0.00134976,0.00116859,0.000974192,0.000769126,0.000555772,0.000336478,0.000113539,-0.000110748,-0.000334054,-0.000553978,-0.000768014,-0.000973516,-0.00116767,-0.00134749,-0.00150978,-0.00165112,-0.00176792,-0.00185629,-0.00191212,-0.00193077,-0.00190711,-0.00183412,-0.00170314,-0.00149751,-0.00119269,-0.000730874,0
0,0.00089995,0.00148457,0.00188064,0.00215458,0.00233573,0.00244528,0.00249716,0.00250803,0.00251979,0.00246574,0.0023218,0.00215174,0.00195303,0.00173443,0.00149775,0.00124637,0.000982856,0.00070993,0.000430172,0.000146172,-0.000139467,-0.000424066,-0.000704821,-0.000978737,-0.00124258,-0.00149281,-0.00172556,-0.00193655,-0.00212108,-0.002274,-0.00238959,-0.00246154,-0.00248259,-0.00244439,-0.00233625,-0.00214479,-0.00184968,-0.0014237,-0.000823142,0
0,0.00100271,0.00174203,0.00227442,0.00265114,0.00290511,0.00306183,0.00314012,0.00315656,0.003127,0.0030341,0.00287302,0.00266713,0.00242462,0.00215393,0.00186008,0.00154765,0.00122038,0.000881709,0.000534815,0.000182755,-0.000171446,-0.000524689,-0.000873701,-0.00121493,-0.00154447,-0.00185792,-0.00215035,-0.0024162,-0.00264918,-0.00284223,-0.00298743,-0.00307587,-0.00309733,-0.00304021,-0.00289035,-0.00263122,-0.00224048,-0.00169311,-0.000953729,0
0,0.00114865,0.00204344,0.00271298,0.00319959,0.00353393,0.00374344,0.00384993,0.00387064,0.00382227,0.00369923,0.00350325,0.00325337,0.00295817,0.00262796,0.00226918,0.00188786,0.00148872,0.00107602,0.000653516,0.000224777,-0.000206741,-0.000637495,-0.00106372,-0.00148126,-0.00188543,-0.00227087,-0.00263138,-0.00295987,-0.00324813,-0.00348688,-0.00366551,-0.00377212,-0.00379321,-0.00371367,-0.00351601,-0.00318096,-0.00268498,-0.00200541,-0.00111273,0
0,0.00132543,0.00239154,0.00321012,0.003817,0.00424012,0.0045079,0.00464384,0.00466803,0.00459728,0.0044389,0.00420181,0.00390076,0.00354681,0.00315062,0.00272043,0.00226337,0.00178526,0.00129118,0.000785528,0.000272386,-0.000244334,-0.000760643,-0.00127226,-0.00177438,-0.00226149,-0.00272713,-0.00316371,-0.00356236,-0.00391274,-0.00420295,-0.00441943,-0.00454694,-0.0045684,-0.00446513,-0.00421621,-0.00379988,-0.00319118,-0.00236876,-0.00130547,0
0,0.00153929,0.00279567,0.00377494,0.00451031,0.00502818,0.00535814,0.00552591,0.00555466,0.00546465,0.00527015,0.00498512,0.00462545,0.00420418,0.00373348,0.00322316,0.00268162,0.00211577,0.00153147,0.000933778,0.000327236,-0.000283822,-0.000894982,-0.00150146,-0.00209782,-0.00267763,-0.00323327,-0.00375557,-0.00423365,-0.00465471,-0.00500389,-0.00526422,-0.00541669,-0.0054402,-0.00531208,-0.00500772,-0.00450249,-0.0037696,-0.00278794,-0.00153085,0
0,0.00178838,0.00326005,0.00441779,0.0052942,0.00591532,0.00631256,0.00651426,0.0065475,0.00643645,0.00620159,0.00586174,0.00543512,0.00493749,0.00438286,0.00378286,0.00314724,0.00248402,0.00179988,0.00110046,0.000390734,-0.000324599,-0.00104077,-0.00175254,-0.00245383,-0.00313732,-0.00379406,-0.00441319,-0.00498156,-0.00548354,-0.00590088,-0.00621268,-0.00639555,-0.00642378,-0.00627012,-0.00590567,-0.00530241,-0.00443101,-0.00326984,-0.00179151,0
0,0.00207539,0.00379181,0.00514992,0.00618312,0.00691804,0.0073887,0.00762689,0.00766412,0.00752941,0.00724885,0.00684614,0.00634308,0.00575859,0.00510911,0.00440831,0.00366751,0.00289588,0.00210091,0.00128878,0.000464827,-0.000366011,-0.0011987,-0.00202762,-0.00284612,-0.00364595,-0.00441681,-0.00514592,-0.00581759,-0.00641295,-0.00690981,-0.00728264,-0.00750293,-0.00753951,-0.00735968,-0.00692945,-0.0062167,-0.00518882,-0.00382323,-0.00209126,0
0,0.00240389,0.00439951,0.0059847,0.0071943,0.00805614,0.00860769,0.00888496,0.00892482,0.00876187,0.00842821,0.00795294,0.00736225,0.0066788,0.00592199,0.00510783,0.00424936,0.00335698,0.00243899,0.00150201,0.000551612,-0.000407139,-0.0013691,-0.00232843,-0.00327796,-0.00420856,-0.00510852,-0.00596295,-0.0067533,-0.00745697,-0.00804715,-0.00849287,-0.00875951,-0.00880932,-0.00860307,-0.00810057,-0.00726468,-0.00605882,-0.00445915,-0.00243564,0
0,0.00277935,0.00509413,0.00693792,0.00834725,0.00935156,0.00999259,0.0103116,0.0103517,0.0101544,0.0097583,0.00919881,0.00850731,0.00771091,0.00683246,0.00589066,0.00490047,0.00387359,0.00281906,0.00174385,0.0006536,-0.000446717,-0.00155205,-0.00265651,-0.00375258,-0.00483031,-0.00587654,-0.00687411,-0.00780125,-0.00863106,-0.00933133,-0.00986459,-0.0101889,-0.0102585,-0.0100262,-0.00944422,-0.00846933,-0.00706005,-0.0051913,-0.0028318,0
0,0.00320873,0.00588905,0.00802829,0.00966466,0.0108294,0.0115695,0.0119325,0.0119693,0.0117293,0.0112592,0.0106014,0.0097936,0.00886805,0.00785166,0.00676616,0.00562863,0.00445209,0.00324626,0.00201831,0.000773681,-0.000482987,-0.00174702,-0.00301275,-0.00427253,-0.00551573,-0.00672775,-0.00788902,-0.00897415,-0.00995129,-0.0107819,-0.0114207,-0.011817,-0.0119153,-0.0116585,-0.0109896,-0.0098576,-0.00821531,-0.00603633,-0.00328857,0
0,0.00370069,0.00680053,0.00927805,0.0111729,0.0125184,0.0133677,0.0137763,0.0138045,0.0135112,0.0129526,0.0121796,0.0112373,0.010164,0.00899113,0.00774396,0.00644183,0.00509911,0.00372605,0.00232976,0.000915253,-0.000513567,-0.00195276,-0.00339724,-0.00483955,-0.0062686,-0.00766843,-0.00901693,-0.0102847,-0.0114343,-0.0124196,-0.0131864,-0.0136729,-0.0138118,-0.0135341,-0.0127707,-0.0114616,-0.00955202,-0.00701461,-0.0038169,0
0,0.00426584,0.00784824,0.0107137,0.012903,0.0144516,0.0154206,0.0158751,0.0158868,0.0155265,0.0148616,0.0139533,0.0128552,0.0116126,0.0102624,0.00883363,0.00734803,0.00582128,0.00426401,0.00268296,0.00108228,-0.00053529,-0.00216703,-0.00380891,-0.0054541,-0.00709138,-0.00870363,-0.0102661,-0.0117451,-0.0130968,-0.0142664,-0.0151885,-0.0157885,-0.0159845,-0.0156921,-0.0148278,-0.0133195,-0.0111034,-0.00815104,-0.00443026,0
0,0.00491719,0.00905604,0.0123668,0.0148914,0.0166675,0.0177662,0.0182646,0.0182489,0.0178039,0.0170108,0.015943,0.0146642,0.0132279,0.0116769,0.0100444,0.00835492,0.00662516,0.00486586,0.00308302,0.00127938,-0.000544019,-0.00238632,-0.00424515,-0.00611488,-0.00798469,-0.00983658,-0.0116433,-0.0133665,-0.0149551,-0.0163443,-0.0174558,-0.0181991,-0.0184742,-0.0181779,-0.0172081,-0.0154772,-0.01291,-0.0094764,-0.00514545,0
0,0.00567086,0.0104531,0.0142757,0.0171812,0.0192108,0.0204478,0.0209849,0.0209259,0.0203736,0.0194255,0.0181694,0.016681,0.015023,0.013245,0.0113849,0.0094696,0.00751692,0.00553727,0.00353536,0.00151192,-0.000534447,-0.0026055,-0.00470133,-0.00681826,-0.00894655,-0.0110678,-0.0131526,-0.0151577,-0.0170241,-0.0186756,-0.0200183,-0.0209428,-0.021327,-0.0210439,-0.0199674,-0.0179901,-0.0150214,-0.011029,-0.00598364,0
0,0.00654697,0.0120754,0.0164864,0.0198236,0.0221329,0.0235143,0.0240799,0.0239561,0.0232674,0.0221314,0.0206528,0.0189212,0.0170098,0.014976,0.0128623,0.0106981,0.008502,0.0062836,0.00404562,0.00178604,-0.000499892,-0.00281746,-0.00517023,-0.00755747,-0.00997142,-0.0123942,-0.0147944,-0.0171242,-0.019316,-0.0212805,-0.0229062,-0.0240605,-0.0245941,-0.02435,-0.0231716,-0.0209251,-0.0174989,-0.012857,-0.00697181,0
0,0.00757093,0.0139674,0.0190548,0.0228791,0.0254937,0.0270206,0.0275975,0.0273794,0.0265173,0.025153,0.0234114,0.021398,0.0191979,0.0168765,0.0144815,0.0120445,0.00958451,0.00710949,0.00461944,0.00210861,-0.000432113,-0.00301271,-0.0056414,-0.00832168,-0.011049,-0.013807,-0.0165635,-0.019266,-0.0218381,-0.0241763,-0.0261481,-0.0275939,-0.0283308,-0.0281643,-0.026898,-0.0243629,-0.0204184,-0.0150212,-0.00814478,0
0,0.0087748,0.0161838,0.0220483,0.0264187,0.029361,0.031027,0.0315884,0.0312358,0.0301534,0.028512,0.0264597,0.0241204,0.0215922,0.0189491,0.0162438,0.0135101,0.0107663,0.00801817,0.00526196,0.00248706,-0.000321217,-0.00317891,-0.00610039,-0.0090949,-0.0121627,-0.0152905,-0.0184465,-0.0215747,-0.0245899,-0.0273729,-0.0297679,-0.0315832,-0.0325952,-0.032562,-0.0312356,-0.0283998,-0.023873,-0.0175984,-0.0095475,0
0,0.0101996,0.0187931,0.025548,0.030525,0.0338106,0.035598,0.0361034,0.0355629,0.0342013,0.0322237,0.0298053,0.0270903,0.0241908,0.02119,0.0181451,0.0150913,0.0120456,0.00901038,0.00597707,0.00292892,-0.000155789,-0.00330071,-0.00652804,-0.00985473,-0.0132878,-0.0168193,-0.0204194,-0.0240303,-0.0275587,-0.0308693,-0.0337804,-0.036063,-0.0374443,-0.0376233,-0.0362854,-0.0331499,-0.0279774,-0.020686,-0.0112387,0
0,0.0118964,0.0218774,0.0296485,0.0352902,0.0389228,0.0407969,0.0411879,0.0403894,0.0386754,0.0362912,0.0334431,0.0302972,0.0269806,0.023585,0.020172,0.0167769,0.0134144,0.0100824,0.0067659,0.00344075,7.66E-05,-0.00335958,-0.00689981,-0.0105709,-0.0143893,-0.0183546,-0.0224423,-0.0265949,-0.0307128,-0.034645,-0.0381819,-0.0410525,-0.0429255,-0.0434264,-0.0421548,-0.0387425,-0.0328676,-0.0244039,-0.0132932,0
0,0.0139308,0.0255377,0.0344601,0.0408155,0.0447789,0.0466811,0.0468756,0.0457279,0.0435716,0.0406986,0.037349,0.0337127,0.0299313,0.0261049,0.0222977,0.0185443,0.0148555,0.0112231,0.0076245,0.00402634,0.000388058,-0.00333462,-0.00718575,-0.0112046,-0.0154198,-0.0198422,-0.0244559,-0.0292075,-0.0339941,-0.0386513,-0.042941,-0.0465457,-0.0490664,-0.0500386,-0.0489521,-0.0453202,-0.0387036,-0.0289006,-0.0158083,0
0,0.016379,0.0298863,0.0400983,0.0471966,0.0514444,0.0532831,0.053169,0.0515569,0.0488508,0.0453949,0.041466,0.0372776,0.0329854,0.0286959,0.0244745,0.020353,0.0163365,0.0124095,0.00853982,0.00468356,0.000788158,-0.00320381,-0.00735071,-0.011707,-0.0163169,-0.0212065,-0.0263732,-0.0317728,-0.0373044,-0.0427938,-0.0479768,-0.052487,-0.0558489,-0.05749,-0.0567618,-0.0530186,-0.0456553,-0.0343442,-0.0188993,0
0,0.0193416,0.0350594,0.0466895,0.0545235,0.058963,0.0606012,0.0600287,0.0578086,0.0544264,0.0502832,0.0456935,0.0408929,0.0360491,0.0312722,0.0266261,0.0221376,0.0178043,0.013601,0.00948498,0.00539995,0.00127989,-0.00294758,-0.0073573,-0.0120217,-0.0170043,-0.022351,-0.0280781,-0.0341575,-0.0404976,-0.0469218,-0.0531452,-0.0587539,-0.06319,-0.0657554,-0.0656305,-0.0619589,-0.0539037,-0.0409343,-0.0227158,0
0,0.0229134,0.041173,0.0543193,0.0628226,0.0672973,0.0685419,0.0673188,0.0643197,0.060121,0.0551827,0.0498548,0.0443919,0.0389687,0.0336955,0.028631,0.0237941,0.0191725,0.0147297,0.0104106,0.00614568,0.00185407,-0.00255285,-0.00716814,-0.0120847,-0.0173888,-0.0231508,-0.0294129,-0.0361711,-0.0433533,-0.0507916,-0.0581912,-0.0650982,-0.0708719,-0.0746747,-0.0754824,-0.0721651,-0.0635678,-0.0488411,-0.0274014,0
0,0.0272518,0.0483911,0.0630838,0.0720904,0.0763492,0.0769305,0.0748129,0.0708339,0.0656669,0.0598277,0.0536961,0.0475382,0.0415295,0.0357739,0.030321,0.0251777,0.0203194,0.0156966,0.0112407,0.00686795,0.00248235,-0.00202163,-0.00675622,-0.0118364,-0.0173739,-0.0234686,-0.0301947,-0.0375823,-0.0455918,-0.0540798,-0.0627592,-0.0711521,-0.0785461,-0.0839576,-0.0861298,-0.0835869,-0.0747474,-0.0582722,-0.0331669,0
0,0.0324092,0.0567077,0.0728598,0.0820682,0.0857504,0.0853255,0.0820326,0.0768658,0.0705929,0.0637751,0.0568103,0.0499646,0.0434046,0.0372208,0.0314472,0.0260755,0.0210658,0.0163542,0.0118582,0.00748003,0.00310907,-0.00137632,-0.00610692,-0.0112198,-0.0168534,-0.0231398,-0.0301915,-0.0380823,-0.0468195,-0.0563044,-0.0662832,-0.0762821,-0.0855435,-0.0929505,-0.0970006,-0.0958011,-0.0872196,-0.0691884,-0.0400788,0
0,0.0387181,0.0663492,0.083653,0.0925281,0.0950996,0.0932131,0.0884111,0.0818376,0.0743399,0.0665025,0.0587213,0.0512453,0.0442188,0.0377089,0.0317272,0.0262455,0.0212062,0.0165302,0.0121211,0.00786852,0.00364921,-0.000672124,-0.0052422,-0.0102178,-0.0157628,-0.0220419,-0.0292094,-0.0373912,-0.0466564,-0.0569745,-0.0681589,-0.0797826,-0.0910927,-0.100878,-0.107413,-0.108328,-0.100816,-0.0817413,-0.048481,0
0,0.0458625,0.076663,0.0945201,0.10231,0.103134,0.099326,0.0927404,0.0846398,0.075914,0.0671356,0.05867,0.0507277,0.0434153,0.0367658,0.0307621,0.0253521,0.0204597,0.0159905,0.0118367,0.00787829,0.00398357,8.68E-06,-0.00420334,-0.00882303,-0.0140338,-0.0200283,-0.0270007,-0.0351314,-0.0445613,-0.0553495,-0.0674129,-0.0804271,-0.0937179,-0.106064,-0.115592,-0.119462,-0.114103,-0.094923,-0.0578878,0
0,0.0550542,0.0883707,0.105577,0.111005,0.109156,0.102822,0.0941558,0.0844493,0.0745718,0.0650251,0.0561038,0.0479501,0.0406136,0.0340805,0.028298,0.0231871,0.0186522,0.0145861,0.0108725,0.00738681,0.00399495,0.000551786,-0.00310151,-0.00713993,-0.0117565,-0.0171622,-0.0235826,-0.031248,-0.0403745,-0.0511261,-0.0635604,-0.0775185,-0.0925097,-0.107432,-0.120439,-0.1283,-0.126733,-0.10914,-0.0694214,0
0,0.0636017,0.0976635,0.112637,0.114562,0.109476,0.100526,0.0899925,0.0790821,0.068544,0.0587525,0.049892,0.0420151,0.0351025,0.0290898,0.023888,0.0193941,0.015498,0.0120854,0.00903891,0.00623725,0.00355336,0.000851357,-0.00201718,-0.0052174,-0.00893535,-0.0133814,-0.0187916,-0.0254252,-0.0335547,-0.0434396,-0.0552857,-0.0691437,-0.0847969,-0.101441,-0.117494,-0.129663,-0.133196,-0.119351,-0.0795845,0
0,0.077588,0.108545,0.118094,0.114062,0.104632,0.0926867,0.0804478,0.0687571,0.058117,0.0486733,0.0404494,0.0333776,0.0273567,0.0222668,0.0179848,0.0143886,0.0113603,0.00878653,0.00655726,0.00456369,0.0026954,0.000836463,-0.00113903,-0.00337209,-0.00602481,-0.00928645,-0.0133798,-0.0185654,-0.025144,-0.0334458,-0.0438158,-0.0565333,-0.0717531,-0.089137,-0.107787,-0.124738,-0.135714,-0.12933,-0.094488,0
0,0.0781274,0.101275,0.104295,0.0958822,0.0842348,0.0717717,0.0600808,0.0496181,0.040562,0.032866,0.0264186,0.0210741,0.0166848,0.0131096,0.0102189,0.00789591,0.00603496,0.00454044,0.00332419,0.00230276,0.00139447,0.000515802,-0.00042269,-0.00152103,-0.00289561,-0.0046857,-0.00706133,-0.0102318,-0.014455,-0.0200432,-0.0273668,-0.0368241,-0.0488136,-0.0634975,-0.0806983,-0.0986184,-0.114062,-0.11596,-0.0921248,0
0,0.0996039,0.0994866,0.0903742,0.0742553,0.0601484,0.0476429,0.0374401,0.0291345,0.0224979,0.0172169,0.0130465,0.0097728,0.00722384,0.00525883,0.00376344,0.00264358,0.00182113,0.00123005,0.000813127,0.000519084,0.000299876,0.00010815,-0.000105989,-0.000398363,-0.000834857,-0.00149707,-0.00248962,-0.00394948,-0.00606021,-0.00906569,-0.0133002,-0.0191856,-0.0273121,-0.0382331,-0.0528359,-0.0706003,-0.0922078,-0.10664,-0.109747,0
0,0.00354209,0.0107941,0.0122477,0.0108581,0.00815393,0.00540551,0.00293739,0.000933679,-0.00062446,-0.00177337,-0.00257646,-0.00308949,-0.00336417,-0.00344333,-0.00336318,-0.00315365,-0.00283964,-0.00244184,-0.00197761,-0.00146153,-0.000906215,-0.000322764,0.000278527,0.000887373,0.00149268,0.00208112,0.00263561,0.00313228,0.00353826,0.00380418,0.0038651,0.0036213,0.00297413,0.00177465,6.87E-05,-0.00206666,-0.00334389,-0.0023925,0.00402016,0
0,0,0,0,0,0,0,0,0,0,0,0,0,0,0,0,0,0,0,0,0,0,0,0,0,0,0,0,0,0,0,0,0,0,0,0,0,0,0,0,0
 ,,,,,,,,,,,,,,,,,,,,,,,,,,,,,,,,,,,,,,,,